;Gemeenten;Sociale basisvoorzieningen;Participatie;Individuele voorzieningen Wmo;Individuele voorzieningen Jeugd;Bestuur en ondersteuning;Orde en veiligheid;Onderwijs;Sport, cultuur en recreatie;Infrastructuur, ruimte en milieu;Overig;Overige eigen middelen;Onroerendezaakbelasting;Totaal
0;Eemsdelta;11213198.005800001;14488444.973304;17101053.544395998;25492645.370292;16332370.291864;7336803.202529999;7860842.738376;13619217.926799998;20798476.290149998;1824865.57;-7550915.8028;-14919674.871799998;113597406.82579398
1;Groningen;86591358.6209;94483748.351576;110480870.646788;123192697.917544;90099515.422068;44942851.226898;39285909.039748;112040304.5068;88990653.72316;-35479988.0;-40807689.5184;-83368663.36019999;630451920.1724322
2;Het Hogeland;10254057.2233;11896789.767603997;14807781.690783998;24140840.881676003;17271522.906212;6731207.705147998;7655981.651904;11042524.408799998;24569693.591054;3805929.0;-8072880.851199999;-16544678.454199998;107558846.78839402
3;Midden-Groningen;15174578.9753;18341847.976956;20274495.941628;33180894.590028003;21875787.365156002;8899991.299432;9337754.279927999;17483289.6076;21535999.72385;3556427.0;-10284117.645399999;-16909069.056199998;142467983.16248998
4;Oldambt;9454611.0133;13968081.145863999;15008038.282479998;23428649.572639998;14118314.4153;5511108.016438;7082762.136023999;11809004.0568;16344544.046103999;220463.0;-6596546.739;-10855387.024999999;99493716.60201602
5;Pekela;2886183.5778;4197578.819019999;4427395.580472;8249117.432612;4440292.273224;1555299.612698;1899103.8203119999;3491586.056399999;4175258.6543360003;641455.0;-2095393.3646;-2287224.5015999996;31580679.179412007
6;Stadskanaal;7869035.273600001;10777348.238863999;13518898.735807998;20429098.215579998;11404263.618479999;4293791.384018;6250590.55078;9617652.4456;10733675.55088;0.0;-5359097.8494;-7644147.904999999;81891172.38967599
7;Veendam;7154081.0159;9029534.656544;10329394.33262;16184533.626248;9781098.109916;3673898.61295;5181529.8697999995;8826806.193999998;9029958.598794;516443.0;-4606952.575999999;-6774878.972599999;68325495.36998998
8;Westerkwartier;14116380.720300002;10946213.181524;16008696.444935998;26816049.18702;22721263.62094;7860597.88314;8988875.285967998;16149962.971199997;24236438.904756;4797365.0;-10863837.0048;-17464397.742999997;124313685.95558396
9;Westerwolde;6153038.1808;6906500.4166399995;9615593.32774;13820727.174039999;12177333.213200001;3809556.426208;4643149.3564;6565316.465999999;12919434.034536;0.0;-4430341.567;-7446814.821799999;64733534.78802
10;Achtkarspelen;6058048.154;6870235.883315999;7838518.463216;14464037.495520001;9880996.721360002;3520061.125848;4288463.401488;7037319.8652;9332632.139383998;957465.0;-4725139.658799999;-6628121.234199999;58894561.510948025
11;Ameland;811747.1073;357363.221604;1230283.601124;1491506.13202;1652575.9501800002;1052216.7507759999;623347.229336;860661.6307999998;2950442.0041699996;1354350.1482;-642663.1882;-2704080.0139999995;9037755.169281997
12;Dantumadiel;4070326.0817;5015229.833463999;5823299.8509599995;9992800.722224;6715487.875348;2353229.574226;3222993.664992;4628658.554;5909368.849342001;-516328.0;-3203271.713;-4539285.6284;39472540.75334199
13;De Fryske Marren;12076381.915400002;9034794.664603999;16727759.116964001;22840719.421432003;18577828.508744;7206019.732819999;7185308.252912;13724468.042799998;24457633.342380002;-6320245.0;-8693111.9302;-16676217.314199999;100141404.38690796
14;Harlingen;4165527.2509000003;5040593.456944;6589005.543863999;9836072.949688;5826656.029796001;2269980.73833;2455936.897288;6439168.806399999;6872906.232958;-1954558.0;-2716796.2701999997;-4942372.039799999;39882151.66168599
15;Heerenveen;13587673.8414;13683853.475599999;17556252.889092;26494651.087928005;18388611.025816;7198066.947155999;8883051.388168;16829335.4172;18704845.586144;-4760429.0;-8669340.590599999;-17187767.3584;110708880.541764
16;Leeuwarden;40379644.96;52218983.882460006;68231414.98526;70152754.801628;46833331.559296;21101125.715058;22340868.86512;50820775.70119999;48263979.56113199;-4094978.0;-21563283.478;-38046374.08979999;356638443.5284679
17;Noardeast-Fryslân;10111776.369099999;10915819.075284;14221200.879455999;23986774.532740004;16333270.75366;6063882.457071999;8268361.86456;12270498.4052;21079558.011502;0.0;-7678142.6908;-12665875.849599997;102907197.79045804
18;Ooststellingwerf;5708468.1971;6237278.759516;8432092.507584;12372688.806020001;9243348.93846;3407798.5801279997;4125753.5087440005;6476281.2447999995;11091942.60957;134643.0;-4323035.731199999;-6851978.369599999;56055320.38799803
19;Opsterland;6485336.4322;5905249.12266;8229889.943343999;12719230.825364001;10652192.030888;3694434.85633;4654986.562784;7220759.9808;11987758.162903998;0.0;-5031990.8242;-8067187.219199998;58450697.805908
20;Schiermonnikoog;207748.75920000003;104083.545676;347334.86215199996;262260.38844800007;505631.747856;328553.437736;214499.15892000002;211653.15839999996;1368115.9632679997;263425.78159999993;-162716.4936;-830793.2514;2819797.9414959988
21;Smallingerland;15513520.036800003;17865035.350964002;20495508.791876;31416592.193416003;20099734.157872;7775776.52248;12333878.59176;19669251.637199998;17160916.83118;-812272.0;-9485266.7118;-17292701.595399998;134740062.2365639
22;Súdwest-Fryslân;22446261.8084;22401595.386155996;31097287.878236;44714438.864112;32355920.341104005;13267084.79856;16017733.318584003;29192109.7392;41427004.26724801;-8380187.0;-15136818.999799998;-29642415.325399995;199760144.01751208
23;Terschelling;1185388.6635;381944.570936;1911827.316868;1664565.203856;2003300.4228120001;1026383.3235939998;723826.611912;1255866.4315999998;3364418.1253500003;1074516.5324;-819943.8123999999;-2960276.7405999997;10811820.963361999
24;Tytsjerksteradiel;7179476.869099999;6890303.589556;9768361.605220001;14294841.004172001;11510474.973323999;4215585.69768;4787385.36764;8063916.874;11973256.396218002;0.0;-5456526.861;-7999365.9317999985;65227751.45792204
25;Vlieland;303312.57480000006;181179.30571999997;514074.74597999995;785367.74676;565132.11048;351555.272864;248185.198904;314488.11;1449895.020758;184517.28899999993;-210091.769;-911664.1257999999;3775954.088154
26;Waadhoeke;10443545.973700002;10756244.730643999;14111705.092675999;22740728.615420002;16605298.9901;6342606.213704;7199433.8251519995;12413154.4168;19475876.764358006;-148087.0;-7853079.6618;-10940346.874599999;101147150.54318199
27;Weststellingwerf;6301371.5479999995;5620900.390496;9577072.931791998;13761531.609059999;9450825.78808;3306785.225754;4202682.46416;7320099.176399998;11937085.045824;-2359556.0;-4434024.4506;-7207116.7201999985;57477698.41298398
28;Aa en Hunze;5455953.894900002;3701044.761015999;7462283.600319999;8244053.369615999;9360854.786772;3200957.6220299997;3347202.529056;5838549.957999999;12369091.347182;0.0;-4326551.211;-7453397.2034;47200067.540958
29;Assen;20322620.106000002;21251918.484904;28032087.980216;35966486.59221999;24886898.85448;9814646.201306;12359072.880104;26388249.225999996;17527933.365456004;3803444.0;-11668212.263799999;-19224978.5092;169460264.95036802
30;Borger-Odoorn;5504438.0115;4919586.6686040005;7990019.672423999;10891648.282204;9325993.984827999;3337540.084364;3596670.033768;5908699.434799999;13142815.833865998;-453906.0;-4354842.453199999;-7735203.7578;52073493.77255
31;Coevorden;8234200.594800001;7926409.45984;11775849.9323;16079271.392904;12841640.720608;4913749.102415999;5504985.950664001;9762187.884;15500084.015684001;0.0;-5980500.755;-10437548.404;76120377.80331197
32;De Wolden;5213972.798800001;2930488.552336;6632212.948580001;8069096.328188;8753197.502416;3021780.856218;3005160.92912;5746946.609999999;10567682.460952;-423938.0;-4114785.4039999996;-7513559.805999999;41888278.327204
33;Emmen;28174549.6832;35875946.310096;49414758.547436;62607880.752932;38622286.856864005;14388296.309278;18873893.756408002;35164728.2912;34828765.26337999;-2024630.0;-18304935.9148;-27881014.892599996;269740709.4539121
34;Hoogeveen;15022774.907600002;14528706.88468;21045685.116756;31877699.714304;19990736.657728;7504325.502764001;10181651.262543999;18774505.0932;17292440.793916006;-1604755.0;-9473548.445799999;-15778146.11;129362168.24118401
35;Meppel;9588796.141099999;7832629.012064;10840406.157060001;17004995.387448;12711627.270076;4768228.278794;6272709.797912001;12523849.693199998;10178565.795322;1499855.0;-5994730.078;-10663574.802399999;76563404.227582
36;Midden-Drenthe;7511610.323399999;5644530.213324;9583567.122871999;12762083.312608;12264696.981176;4242858.831915999;4602581.406912;8487138.814399999;15685987.7028;0.0;-5707130.349599999;-10607117.405799998;64470843.736268
37;Noordenveld;7131319.8682;5522165.498259999;10665469.817676;12551581.975435998;11333327.527272;3828482.995514;4418883.689859999;8239515.8632000005;11588929.501772001;0.0;-5304356.806799999;-11270658.030399999;58704698.846544
38;Tynaarlo;7553424.3025;4851693.626379999;8522251.364276001;10224466.353208;12269797.849716;4095495.543942;3937653.7840239997;8494700.2292;11204926.940750001;3441092.0;-5814938.396799999;-10508177.4148;58272412.127358004
39;Westerveld;4228551.0829;3159310.15202;7148698.153648;7325672.713136001;7317386.732852;2691073.643046;2778186.836852;4511584.353599999;10449077.589741997;-276538.0;-3348578.2114;-6548858.467199999;39435589.154213995
40;Almelo;22475438.4267;26114510.876215998;29766575.410472;43284958.359055996;26315025.819852;11625098.635109998;16314354.035056;28604044.315599997;21501283.159214005;0.0;-12440948.204599999;-24481546.7638;189078917.55534205
41;Borne;5867441.5388;3510288.33756;6058138.604524;9001596.791968;8598376.124176;2833133.522408;2805901.8007119996;6910931.884799999;5641847.869031999;0.0;-4124662.2282;-6988321.2173999995;40114697.013884
42;Dalfsen;6521194.006700002;3371007.026464;7238168.156128;10473289.153904;10394238.550908001;3280814.1527259997;3743805.3923000004;7542333.947599999;10309839.597222;-127683.0;-4969046.995399999;-9704600.167399999;48073387.656418
43;Deventer;30663678.880899996;29356259.232055996;35832597.26288;52347086.805824004;36693906.098468;15740584.177614;17119200.236664;39651670.362399995;27444749.385666005;0.0;-17310389.939;-33101678.177399993;234437809.096634
44;Dinkelland;5706015.5671999995;2886696.7286;6313054.335324;8333624.521176;9372680.987872;3172981.7044919995;3088248.0214560004;6686566.574;10246934.346956;-256847.0;-4476210.208199999;-9015470.972399998;42058297.09217601
45;Enschede;51353810.6962;61894482.105083995;72366540.84520799;87693677.467272;58138127.397864;28062194.227356;30557819.261816002;62581194.333199985;45163464.026920006;-3419822.0;-27075555.804399997;-49201272.3428;418114917.11188406
46;Haaksbergen;5956888.7408;3701947.2558239996;7794787.047544;10148776.100196;8624719.785312;2974825.332902;3343763.511272;7102533.6208;8398491.519108001;-2275180.0;-4077789.1641999995;-7842107.094599999;43851685.402148
47;Hardenberg;14657837.3773;11131764.262224;15949057.435811998;26876015.158272002;22058354.697284;7406812.198853999;10618304.55164;17657095.534399997;21539484.685134005;0.0;-10535055.941599999;-20000274.809399996;117359467.97533001
48;Hellendoorn;8876635.267800001;5718821.767775999;10824495.467724;16054218.426636;12738932.972792;4072918.2995219994;5619307.214752;11398342.8968;10891403.03214;-1814803.0;-6070731.4032;-11214561.100799998;67095023.085912004
49;Hengelo;24807134.932200003;23676109.400299996;26566288.199227996;43148667.651995994;29657030.525911998;12996850.136422;15388212.008727998;30025366.051599994;23300516.044052;-3322559.0;-13904224.8204;-26350943.819799997;185988571.2144681
50;Hof van Twente;7815595.617000001;5346501.53854;10798134.422436;13361158.057268001;12523276.413416;4382528.376914;4297728.211672;9544062.677999998;13352136.398847997;-1390602.0;-5933795.0948;-11419589.660999998;62677173.84115999
51;Kampen;14974728.0023;10435829.335616;15143971.553432;27342168.607495997;19632793.906332;6871162.57707;10371853.336512;20075826.860799998;17198037.803485997;-2754544.0;-9404243.272599999;-16776877.0104;113110780.20567004
52;Losser;5149269.298599999;3917691.3537799995;6391512.768316001;9779156.780908;8238373.077016;2864245.332862;3061734.104192;5801494.2912;6691193.737236001;970968.0;-3913231.2287999997;-6568408.7574;42384028.447412
53;Oldenzaal;8281776.8862;6064980.778819999;10638703.269803997;14945705.816788;11273895.892696;4291749.48539;5716313.357472;10410852.688;9146684.735264;-1234832.0;-5322436.4172;-10687192.114599997;63526245.75807202
54;Olst-Wijhe;4043663.4102000003;2696753.221596;4473267.745259999;6857370.042672;6659636.556744;2164957.151508;2353850.6580560002;4486833.356;6169700.617876001;1186766.0;-3153050.573;-5373770.8372;32565997.20897999
55;Ommen;4465055.9359;3011390.84758;5615669.127695999;7195260.490464;6826218.8859480005;2153998.030894;4223227.685463999;5407306.5512;8457679.989506;-1114101.0;-3185861.7177999998;-6950540.086799999;36105323.485613994
56;Raalte;8771002.0809;5157099.586879999;10516499.377624;15355810.734524;13476327.327268;4469911.113644;6072715.838599999;10387892.622799998;12553601.325746002;0.0;-6422279.3832;-12476532.481599998;67862091.199858
57;Rijssen-Holten;9602298.020500002;4873370.613639999;9936453.656499999;15683305.808836;13445287.291811999;4455543.40734;6754451.54692;12232749.238799999;11210555.625533998;0.0;-6474341.965;-12086481.854799997;69633230.421338
58;Staphorst;3980713.9932;1875390.8200599998;3454411.3186239996;6671527.171387999;6108355.265216;1837943.796538;2847505.135992;4831142.232799999;6779710.311891999;-1574528.0;-2969576.0082;-5580405.644599999;28262205.647544004
59;Steenwijkerland;10762239.0525;9586438.739836;14194650.214751996;21472962.652700003;16178134.017380001;6273273.220931999;7065324.140696;13413062.6108;19351679.764458;-1928701.0;-7612185.593599999;-13406761.8436;95350178.61191799
60;Tubbergen;4337859.2918;2122455.543604;4161297.803052;6803504.9514000015;7472321.98364;2411648.8175959997;2736715.927496;4874383.760399999;8443321.150984;67661.0;-3581939.1086;-7305333.718199999;32543916.292864013
61;Twenterand;7461500.032000001;6330480.235544;8744617.631167999;16093939.265756;11842558.845392002;3905620.9465260003;4938146.8499920005;8746037.985599998;10201561.470196;1186548.0;-5703949.677399999;-9190115.75;64556993.059572
62;Wierden;5552941.518999999;2803485.120756;5953035.7167960005;8457981.853176;8733830.049912;2747778.821408;3299082.62468;6509226.835199999;7928887.54966;-356803.0;-4173544.1377999997;-7701677.500999999;39754247.50382
63;Zwartewaterland;5075318.317400001;2927133.954984;4935702.790268;9437852.047587998;8099710.942216;2656451.3994779997;3331291.9756960003;6525571.4612;8350113.314867999;0.0;-3925284.3024;-7696701.863599999;39717185.64271201
64;Zwolle;41701751.724800006;37733625.344964;57734753.710156;65804761.576072015;47309513.103104;19784085.040192;26692120.489188;55406873.16319999;35153704.203619994;0.0;-22288309.3358;-49792274.312199995;315240770.74903196
65;Aalten;6444640.8655;4308021.526815999;8505900.043828;13011906.117424;9653467.965948;3411100.0364259994;3972421.899392;7707278.165599999;9188311.188182;-1692378.0;-4571462.9704;-7886590.653599999;52052654.274202004
66;Apeldoorn;49775597.00440001;39900009.365660004;66930073.240375996;78025322.395852;59946753.815024;27668817.914826;29226676.175792;63391405.363199994;46116477.079516;0.0;-28159160.6018;-56962639.898799986;375859537.33188003
67;Arnhem;57942578.140200004;69687555.99991599;72751998.50851199;95305744.125824;60712704.319848;31063770.355776;33652879.55140799;73305806.96479999;41769788.30676401;-7465209.0;-28062233.801599998;-52967264.02719999;447698381.33598393
68;Barneveld;14830304.8305;7496499.8615999995;12913266.704071999;21581698.058164;22368869.567908;7885249.415987999;12651814.207231998;17552086.960399996;20252705.10689;0.0;-10478138.6496;-24845187.009399995;102209218.85315403
69;Berg en Dal;7674011.532300001;7859081.995399999;10819680.535983998;15076238.80026;12577770.91662;4671777.55614;5501511.134064;8397452.068799999;9230662.087594;0.0;-5938482.401199999;-10463094.3886;65406657.66580198
70;Berkelland;9874251.0726;7501689.782256;13919943.025328;18480812.736844003;15596043.657208;5330298.906474;7227048.2167919995;11467815.913999997;17553693.175432004;-1759825.0;-7354551.1454;-14300949.674399998;83536325.99473596
71;Beuningen;6101114.973600001;4196917.4040399995;5571810.1219;9281630.942696001;9367824.684032;3336527.3251599995;2947894.6061519994;6842811.587999999;6735240.860124;734091.0;-4473866.555;-7592954.746599999;43049068.61156002
72;Bronckhorst;7570794.984600001;4472998.187215999;11069377.519304002;12915667.273292;12860642.849544002;4402818.479262;4210658.345128;8400408.366799999;14637124.703531997;-329500.0;-6046457.8522;-12659872.799599998;61504699.137124
73;Brummen;4795407.5224;3390192.18568;6497111.7967759995;8318319.501600001;7598080.51664;2757272.7412360003;2640121.822728;5177168.1452;7113970.310339999;349601.0;-3563357.2868;-6582525.531199999;38491388.42177199
74;Buren;5670840.931000001;2751675.561624;5880265.014568;8755262.271236;9670107.281992;3495633.5117819994;3205953.104416;6250409.7968;10901662.652686;-651637.0;-4649305.7374;-8771784.701399999;42509107.785093985
75;Culemborg;7854408.621900001;5197035.8066839995;6736712.611903999;11317502.715292001;10551981.916204;4362323.430616;5858754.740448;9177091.623599999;9509266.853945998;530541.0;-5012739.3872;-9196369.458399998;56886541.752198
76;Doesburg;2657005.3532000002;2927819.271504;3988653.9596639997;5596055.126356;3962838.8614720004;1723637.145378;1234784.0481119996;3442497.2811999996;2953275.5789599996;1374169.0;-1854666.7001999998;-2863939.2262;25142147.851448007
77;Doetinchem;15742913.5577;15433804.381019998;22503175.376168;28994954.49592;21100676.3717;7973198.292854;11813467.256296;19983633.928799998;16743249.855842;974034.0;-9981116.7674;-17695503.183199998;133586568.91167803
78;Druten;4478862.369200001;3260028.8999159997;4492047.15864;7569455.127408;6882047.636896001;2586580.9521439997;3273449.637552;5009857.554;5421125.151282;1923394.0;-3279440.442;-5779717.256399999;35837712.86225401
79;Duiven;6078708.102299999;4545062.431124;5945285.501352;9719034.686772002;8730386.443484;3069716.2919639996;3428781.0930960006;7033925.014399999;7001322.814765999;86686.0;-4163667.3135999995;-9277789.901199998;42197478.67553798
80;Ede;33716954.5297;20615587.643955998;39208814.194912;48139604.96013201;43644053.925044;16725302.302079998;20217949.512968;41859674.37039999;34741276.142678;0.0;-20679726.2216;-43755864.89119999;234433745.06264204
81;Elburg;5271016.4512;3389794.9814839996;6019068.549696;10019453.824592002;8352790.623104;2831314.268976;3808226.3526879996;6309698.460399999;6161763.100255999;1156210.0;-4001955.2427999997;-7152469.340799999;42164940.353819996
82;Epe;7596177.7147;5006159.684003999;10987370.694888;13732776.27678;11806318.6611;4273117.239736;4581808.153032;8492432.659599999;10496528.577474;0.0;-5552449.238399999;-11617441.0016;59802840.204566
83;Ermelo;6816875.722;4360095.58388;8148984.073896;9712935.979199998;10203349.229840001;3584952.1626159996;5473794.042688;8063655.821199998;8816332.617668;3522079.0;-4663200.2528;-10524835.590999998;53515043.891820006
84;Harderwijk;13530660.3124;9712013.521755999;13153367.306092;20741445.036303997;17430655.958528;6878431.891543999;9069665.073504;16752391.069999997;12495887.257272;739166.0;-8267571.4706;-16884582.036599997;95351584.71175198
85;Hattem;2778422.9912;1485051.326476;3130020.4381839996;4788999.744872;4453584.696784;1491974.8252440002;1420917.016952;3391862.864399999;3102491.107332;-489141.0;-2113305.5711999997;-3664010.493599999;19776881.460784
86;Heerde;4173442.1119000004;2349111.16662;5569881.868116001;7310251.031088001;6745922.215995999;2191434.67279;2728740.9376720004;4695665.599199999;5854542.359590001;1125874.0;-3218505.4587999997;-5682686.4838;33843695.11291
87;Heumen;3677302.0501;2580595.365316;3935560.6191759994;4821724.140732;5943719.043924;2071595.4623519997;1689163.013104;3959397.5871999995;4589689.039782001;500446.0;-2818410.3767999997;-4949156.4163999995;26001639.018202007
88;Lingewaard;10396716.205500001;6379071.732615999;10982296.744924;17437758.039752003;16521690.575564;5631642.315082001;6232626.630232;11748049.8468;11425844.804458002;1598803.0;-7920543.3932;-13761498.958999999;76672508.84917398
89;Lochem;7722057.0844;4830273.343939999;10900373.032823998;11290577.87062;12307161.61976;4491715.797098;4660812.73336;8955000.8688;12910723.635484;-686524.0;-5740108.8982;-12453721.9424;59188372.82915198
90;Maasdriel;5427395.1790000005;3215425.2192039997;5999056.0236519985;9677601.826112;9066197.243304;3340270.83908;2885702.9091600003;5839095.834399999;9621182.037143998;-899000.0;-4385477.3486;-8020698.662799999;41766780.544207975
91;Montferland;8425042.9097;5820752.169616;11517641.811768;16310497.709776;12978228.496292;4669778.7350699995;5231374.423944;9871231.5868;11570205.643314002;-527200.0;-6172680.3174;-9563837.782599999;70131085.02138598
92;Neder-Betuwe;5283675.355900001;3306020.00558;4908929.525227999;10954039.464296;8782794.056252;3139582.3319579996;4449119.609127999;5787097.507599999;7881512.887434;0.0;-4303616.8904;-6787373.992799999;43401811.033578
93;Nijkerk;10783576.516900003;5772964.52514;9904139.423376;15755097.645256;15796918.683652;5483854.22381;7160957.405911999;12911758.7896;13022836.363474;861187.0;-7593603.771799999;-16825342.2352;73034385.71788603
94;Nijmegen;62016794.777799994;67151554.3517;80147390.870384;101000459.36253199;67046049.583303995;33426099.234674;32410761.021504;81861019.7288;47387001.70445199;-25355376.0;-31312713.3862;-66235588.89219999;449543730.18756
95;Nunspeet;6813452.6206;4150191.6952;7739684.944951999;11814339.483944;10305440.365768;3729059.186568;4917330.134443998;8038100.1663999995;8739377.306064;0.0;-4866763.2736;-9693341.228799999;51686902.65858001
96;Oldebroek;5278525.0849;3759892.368704;5768600.074696;9686451.243391998;8469735.983364;2900758.78021;3224742.006072;5995650.6072;7934135.645653999;-39708.0;-4064731.6678;-6933764.888399999;41980314.459534
97;Oost Gelre;6939157.6153;4076307.556735999;8188179.215504;11837093.413647998;10622292.852436;3595439.306178;4553597.710984;8504788.278399998;10699209.652466;0.0;-5016924.4821999995;-9845695.0878;54153479.032025985
98;Oude IJsselstreek;9386309.074400002;7943201.36932;13258843.197832001;19439465.935912002;13887985.998624;5105211.815068;5437245.725016;10887765.5384;12636421.164224003;-2491823.0;-6596044.5276;-12069570.066599999;76825071.13102403
99;Overbetuwe;10814026.321100002;6816712.538236;10218048.788804;16873996.456124;17030005.258908;6568723.9798799995;7712025.716332;11988670.550799998;13655579.876038002;3468504.0;-8189226.492199999;-17445287.7948;79511825.957266
100;Putten;5887042.6127;2925643.2264839998;6970883.794048;9007461.88982;8951431.80502;2968985.9386719996;3138137.786784;6991714.0375999985;7865617.697161999;-38101.0;-4181412.1163999997;-8598457.101599999;41888971.864254
101;Renkum;7119100.6247000005;6284089.323843999;10066285.067603998;11149860.420483999;11222553.250508001;4182412.8886319995;4706665.504359999;7779878.306799999;7149218.0867099995;1009503.0;-5259659.992199999;-9858883.8916;55551056.25435
102;Rheden;10481240.075900001;10697502.487143999;15352682.831375998;20371430.230104;15666208.005148001;6450446.087482;6153154.916015999;11018760.027199997;11416405.155062001;3039658.0;-7309017.311799999;-12624866.434199998;90713670.42730995
103;Rozendaal;390700.41089999996;69265.659684;294629.5900559999;261759.06965999998;674245.7324999999;320692.494032;640656.930112;389082.49919999996;683904.5435859999;-305269.0;-306516.3578;-730319.6603999999;2382832.326454
104;Scherpenzeel;2208702.6204000004;1055492.057536;2278242.2296879995;3492966.506276;3624144.739152;1218644.166434;1229891.306248;2418267.9236;2577139.9432600006;607751.0;-1731457.5033999998;-3078539.5661999993;15901254.955028003
105;Tiel;11912012.429600002;12359924.522276;12648792.931519998;20900012.694608003;14890251.099776;6654736.031016;8560476.776824001;14107719.311999997;12128993.479508;-39792.0;-7092899.005999999;-14129690.503399998;92900598.711288
106;Voorst;5503852.256800001;3319514.640016;6681724.842032;8912420.209484002;9013661.807568;3020340.1245659995;3948100.665704;6079181.766399999;9406994.851536002;0.0;-4248206.2326;-9101454.4716;42536155.82863203
107;Wageningen;12186646.2075;7359171.828503999;11275659.652664;14563879.739039999;15337566.086620001;6594660.287486;5356514.99452;13978443.477599997;9777909.426466;-619906.0;-7127886.400199999;-14107981.458199997;74574719.96076201
108;West Betuwe;11419242.723199999;5958761.587379999;11376625.907267999;16614703.926092003;18329130.896064002;6461408.87845;7008481.493964;13041222.347999997;19542846.693538003;0.0;-8863696.4024;-18210976.9146;82677795.027878
109;West Maas en Waal;4268141.0639;2639061.1154839997;4859059.197079999;7758124.120084;7113259.645227999;2699457.2717799996;2363207.6582;4651642.248;8267795.300194;-1329025.0;-3403319.2539999997;-6260569.612799998;33626857.341054015
110;Westervoort;3587366.7703;3652891.375236;3422068.9905159995;6951451.000044;5340340.931148;2098614.2453199998;1860724.4746239998;3765939.6272;2944299.7402139995;1847464.0;-2536334.9738;-3388684.8617999996;29546163.227046
111;Wijchen;10243482.4977;7701086.480396;11406461.39322;16736676.275060002;14606772.508179998;5131806.230524;5604208.52404;12493019.419999996;12051627.122098004;-197273.0;-6954790.870999999;-13728992.318999998;75094131.13882598
112;Winterswijk;7616855.220000001;6467448.604139999;10190737.918296;13946086.448628;10479749.657536;3875255.9150139997;4748010.893231999;9221097.253199998;10866409.986012;-2244900.0;-4893380.4777999995;-8909150.29;61364261.293383986
113;Zaltbommel;6670104.6986;4227459.998524;6438630.261459999;11459198.67972;10503133.67604;4137840.8020200003;5532598.614680001;7779126.416799999;11586918.131048001;91087.0;-5086564.4629999995;-10348112.969999999;52991453.68055199
114;Zevenaar;10714517.9381;9413971.515239999;14743455.515556;21629998.664988;15936276.790756002;6050143.421623999;6256268.059648;12493819.7604;13242027.79617;-585719.0;-7540034.555799999;-13866824.278199999;88487968.072838
115;Zutphen;13556058.7982;15480472.108259998;16857933.982332;25198645.448652003;17454395.409224;7127437.656726;8968643.006144002;17896828.766799998;12607104.168692;4030759.0;-8161270.0576;-14801412.983399998;116215668.84256396
116;Amersfoort;50212880.0913;35866486.786204;47272402.527832;64945032.6181;57064677.43874;25819069.756216;31777340.12088;63529079.0492;40188745.418762;1299316.0;-27094639.837599996;-57176831.1226;333703718.1633659
117;Baarn;6095726.5357;3923688.589576;7015455.21924;7988926.953759999;9052090.53082;3648906.24563;3412995.9350400004;6362917.901999999;6528269.091569999;3155479.0;-4195976.2469999995;-9353182.1032;43635321.07390601
118;Bunnik;3390271.4318000004;1472936.6692999997;2741472.4528279994;3299399.4550599996;5625859.03132;2014058.1858099997;1701657.9138399998;3495636.8335999995;3948090.134294;1057607.0;-2696540.4104;-5922819.886399999;20127636.253981993
119;Bunschoten;5128593.6637;2366165.5047039995;4318283.021304;7202419.399959999;7831358.982259999;2630076.5551259997;2958122.003216;5731117.216799999;5666922.392006;287828.0;-3786506.5522;-7893323.6546;32441075.27783799
120;De Bilt;10422136.119;6209141.713043999;11183212.195888;13557410.610903999;15479080.873847999;6124435.282772;7273417.376348;10975349.8036;10997228.436076002;1132782.0;-7318559.3284;-17529525.1342;68506146.76578796
121;De Ronde Venen;10375841.338900002;4954477.985404;9884333.497108;12955438.861764003;16019515.316948;6117608.680143999;5670166.116128;10569954.429599997;19192895.642781995;-973280.0;-7669270.289399999;-17609970.8322;69487746.89839
122;Eemnes;2143393.3286;954089.4180759998;1674442.89738;2565500.95872;3449867.7088399995;1294927.11616;1089575.24052;2191317.5879999995;2724276.775232;752954.0;-1633024.069;-3787518.5862;13419809.379767999
123;Houten;12931194.251500003;5918173.960079999;7312372.8152520005;14309500.092219997;17722992.53198;6468754.643216;7558869.134343999;14850274.118399998;13361383.154687999;4060380.0;-8511981.0186;-18570847.315799996;77411098.971332
124;IJsselstein;8556366.7586;5343368.368055999;6881876.740536001;10391681.110556;11735491.054072;4782817.5212779995;4631605.517759999;9184226.584;8325105.475758001;3187555.0;-5594802.3998;-9913741.8854;57511579.236718
125;Leusden;7423994.2977;3620087.0979359997;6701028.292495999;8763029.464904;11092324.005668;3876007.1833699998;3456004.57936;8340491.921199999;7041059.894986;1594251.0;-5303519.7878;-10837446.901199998;45767333.106474
126;Lopik;3103885.9146000003;1704507.760156;2884177.0593839996;4198193.304928;5128978.576456;1720344.027672;1822891.9698079997;3190098.5007999996;7304176.086388001;-390248.0;-2464853.5511999996;-4786532.847599999;23415630.299984004
127;Montfoort;2925405.2902;1356495.4188199998;2789937.035787999;3786061.82382;4841562.2298;1700772.882374;1553921.140608;3315646.1535999994;4636485.274828;0.0;-2321555.8984;-4547488.1022;20037253.590956002
128;Nieuwegein;18986907.7651;13428423.630644;17216794.424435996;26870769.112516;23408988.261212;10832144.919976;10970329.172567999;20246081.339199997;17718093.174926;2759253.0;-11043796.0898;-24553522.985399995;126840544.06308602
129;Oudewater;2154413.4389000004;1182266.29654;2526445.8245679997;3229530.3757199994;3608972.9610599997;1289014.907318;1139214.257456;2704578.8884;4879353.977921999;-201207.0;-1711369.0473999998;-3182779.2101999996;17618445.16199001
130;Renswoude;1166126.4287;452044.938144;761495.6956479999;1654444.420816;2013500.718812;687860.159006;726161.470016;1269167.2876;2153303.3461539997;0.0;-963074.0613999999;-2239684.2931999997;7681350.140114002
131;Rhenen;4561392.9196;3131845.2177639995;5306370.356859999;8066851.64764;7072474.7831999995;2574812.328048;2637675.581136;5147751.8512;5419345.050472;0.0;-3387415.8929999997;-6148830.9629999995;34382296.52405601
132;Soest;12133466.078699999;7092439.03956;12636002.249711998;15475606.772316001;16814353.233532;6822687.017564;6713077.764327999;13049310.6964;11208995.47461;1553177.0;-7982147.991599999;-17433200.6412;78083809.01730599
133;Stichtse Vecht;15639212.7185;8154562.18638;14436012.618548;20879539.393872;23125456.940724;9195317.388649998;9429909.892200002;16233339.719599998;21025331.240778;301645.0;-11028227.5364;-21519139.937999994;105873018.21135402
134;Utrecht;136355216.22980002;94342288.23544;140437917.01272;145268814.508224;134142736.443448;73017732.424336;69933881.947496;174378925.7808;113317186.484144;8341609.0;-62648863.3044;-158567864.81059995;868319928.9118639
135;Utrechtse Heuvelrug;11657746.4052;6786198.064779999;13672098.1375;14536155.963692;17989932.311664;6786184.69389;7036455.522700001;12844160.569999998;13069445.602015998;4511203.0;-8462262.09;-18161872.732399996;82265482.81364402
136;Veenendaal;20175187.4834;13052082.556196;18568686.00764;31200734.062775996;24338376.041431997;10223158.328435998;12700862.30444;24082875.529999997;17366554.085364;543397.0;-11624519.872;-22616940.574799996;138010535.92547196
137;Vijfheerenlanden;14682977.6995;8991517.222795999;14193455.981403999;23164803.68042;21443175.8519;8361991.402263999;9116331.401887998;15979943.2188;19948154.052312;2781342.0;-10323624.9422;-19244946.321999997;109095187.16263199
138;Wijk bij Duurstede;5471270.985100001;2990254.4510039994;4943374.19202;7607605.394676;8401148.267212;3056749.855968;3010735.1548879994;6421764.491199998;6142703.243018001;1367484.0;-4008483.991;-6981246.7064;38423380.29773799
139;Woerden;13034998.084800001;7334776.131963998;11222239.616183998;16780708.830984;18786997.282768;7229615.802795999;9095007.533456001;14671861.399199998;21287715.382742;2345269.0;-8993601.7512;-17351747.481599998;95443884.68393
140;Woudenberg;3248238.3263000003;1355745.4310199998;2540146.0231919996;4217306.18344;5084784.452539999;1710282.1416539997;1801587.8101599999;3524591.1163999997;3513369.5930500003;1263869.0;-2450289.4206;-4751836.610199999;21057804.486654002
141;Zeist;17974459.251599997;13069848.535956;17701248.318556;24018996.686256;23677833.901072003;10090793.650068;13846563.784351999;20058438.1372;14575850.951516;6493787.0;-11155956.635799998;-26546020.9064;123805906.53830804
142;Aalsmeer;7594240.137499999;3322691.2071399996;6815250.664864;10389648.233384;11522055.369868;4387899.012026001;3734628.865136;7743414.268799999;13165723.904038;0.0;-5571031.060199999;-14081681.8512;49022868.260801986
143;Alkmaar;33075712.3868;28405363.743864004;42923415.509164;49778572.23605201;40192805.677664;18535643.834922;19403632.016248;40015643.00159999;37193886.934152;1086502.0;-18800116.3552;-41970200.1374;249841005.0492921
144;Amstelveen;29208889.612600006;12659754.405283999;21914559.197423995;31488357.258192003;33746383.677704;17727231.353596;16819152.422632;27984646.3648;28013846.130995996;-6777832.0;-15905704.653199999;-42870474.954399996;154008896.989392
145;Amsterdam;393069115.6772001;360087220.4337599;379556453.29691994;397220098.439432;348053549.66958404;256357866.519876;176088875.82614797;459043878.82759994;457673178.17855597;120376939.84300001;-155902824.13239998;-457822602.14399993;2733803033.766639
146;Bergen (NH.);6439563.9402;3435490.054156;10857328.525111998;7696570.817648;11174073.695096001;4380281.782452;3376636.424352;6836825.6064;8916606.191376;1106731.0;-5010730.5416;-15446020.733799998;43763380.285964005
147;Beverwijk;12027126.8502;9687761.701820001;10967923.816755999;17660955.661548004;15310498.170616;7423965.572349999;6801796.80292;12669141.082799997;13140975.551939998;3567569.0;-7175931.2908;-14549974.279199997;87531864.83446802
148;Blaricum;2857777.3378999997;1232536.0581039998;2507870.023284;3237137.2458559996;4444654.460572001;1805426.6913779997;2623141.82232;2785847.6467999998;3060173.696178;0.0;-2130045.9512;-6245050.787799999;16179476.33469401
149;Bloemendaal;5117565.397100002;2063525.5569559997;5646486.510136;4558217.709388;8382445.580476001;3018483.621832;3259017.7837360003;5179771.0052;5625457.900436;1133707.0;-3981866.7868;-12014839.8444;27987981.85203201
150;Castricum;8164534.9195;4145515.2694759998;9286867.658456;9159075.259716;12847016.283852;4462107.175651999;4737722.705784;8889585.047199998;9138673.274628;931297.0;-6087806.590799999;-12418854.509799998;53255758.639024004
151;Den Helder;15702168.977900002;17122772.314576;24681703.254012;30386523.197072;20537008.149083998;8715640.932354;9502684.238096;17879719.3004;17158039.391236;1349696.0;-9446931.2416;-16569273.521599997;137019843.63304
152;Diemen;9806069.320500001;4790413.738724;4812777.918931999;8375587.817884002;11909982.708548;6686609.069328;4911351.80176;7645639.856399999;11595813.342910001;3261099.0;-5520475.1126;-13181017.812199997;55093879.659685984
153;Dijk en Waard;24810450.0276;13789290.807264;23052768.280915998;33574909.142692;31339056.545744;11629617.743482001;14065773.210927999;30733944.4612;22169816.275452003;4340488.15;-15079064.6888;-27934889.948199995;166492239.809864
154;Drechterland;4324193.356000001;2403117.161096;4888297.709635999;6989021.465692;7171054.183983999;2482913.0324179996;2296312.9035040005;4638240.373199998;7747146.209012;0.0;-3431108.2847999996;-5936739.280199999;33572469.234799996
155;Edam-Volendam;8509983.7003;3537615.2000839994;8851449.792172;10535867.531524;12947166.870508;4572545.078059999;4634503.733584;10348583.955599999;14532043.852091998;-1099253.0;-6180046.0846;-11823313.084399998;59367176.35842801
156;Enkhuizen;4609260.681500001;3884870.9198199995;5683618.21112;9271030.701216;6727561.222012;2646764.5668059997;2921580.4091920005;6894122.6348;7730868.567826;0.0;-3163094.801;-5845428.764599999;41361183.12910999
157;Gooise Meren;15550033.88;8290109.013103999;13986641.380420001;18162480.138252;21369372.607184;8858361.819810001;9040420.299392;18014505.672;16636329.901348002;0.0;-10106167.406;-23612216.288599998;96189915.992712
158;Haarlem;53919730.5984;35956720.984303996;59536814.998675995;65489156.855532005;60334094.346144;31089574.76261;31446694.825648;66456057.627599984;54706954.72176801;2727691.0;-28062903.4168;-69522398.6088;364078376.35816395
159;Haarlemmermeer;44104271.3492;21442067.040735997;30185374.178348;49602339.10098801;56707911.820416;25684112.346277997;25851045.997616004;45430915.3836;50365785.973706;0.0;-27308247.0864;-68094275.22899999;253971428.64950207
160;Heemskerk;10529773.985100001;7870300.290959999;11563407.374032;14694673.752876002;14014922.009052;5851898.121584001;7281196.888520001;11189345.848399999;9709598.870176002;607303.0;-6604414.717599999;-11623136.394399999;75084913.61698402
161;Heemstede;6506879.8445;2751705.046984;7430830.629288;6624232.862400001;9823636.68538;3740177.4005619995;3653641.011512;6751725.375599999;6495224.662157999;2455953.0;-4619173.0534;-11425752.461;40189098.128757976
162;Heiloo;5649167.996;3011582.06324;6961305.145991999;6384520.223408;8601103.502496;2973121.1234440003;2277969.3776080003;6320225.346399999;5771614.562836;0.0;-4069921.1856;-8953205.860999998;34927499.33454
163;Hilversum;28404204.439099997;21882244.048559997;31379191.307859994;38575102.22019601;33667177.630892;16391603.315924;18994914.264135998;31391807.798;25338663.353586003;-2584753.0;-15808777.852999998;-38393485.095199995;189238002.00463808
164;Hollands Kroon;10683323.800999999;7147194.313196;12918906.637351997;21032831.996127997;17419762.939576;6505784.01336;6868211.377744;11595751.552399999;21687983.247012004;-949393.0;-8290170.9836;-18172613.967399996;88447635.77053602
165;Hoorn;21685370.291300002;17220075.053076;24469242.814219996;35709615.673388;26692307.092035998;11470697.527315998;14987222.563352002;27147161.519599997;22293860.0942;604269.0;-12663260.451;-23325593.179399997;166291068.181928
166;Huizen;10874731.0812;7360132.09702;12106892.205487998;15853335.659540001;14638133.22984;6168086.594454;6408368.663888;11867547.731599998;9734697.715928;0.0;-6895864.733399999;-13590739.897799999;74525367.473156
167;Koggenland;4897963.085700002;2684776.922816;4973232.612392;6803402.126208001;8202569.288996;2984787.8032139996;2536002.5510719996;5160773.052399999;9543837.216834001;0.0;-3948553.4305999996;-7247418.762599999;36591391.42953798
168;Landsmeer;2623867.3625000003;1400151.6901359998;2441758.575776;3149934.9518000004;4083123.03258;1561944.5316419997;1462730.1671679998;2518710.3172;4444486.813312001;0.0;-1952095.7118;-4078480.917199999;17656139.557048
169;Laren;2545802.1940000006;1092989.3521039998;4047230.604024;2357590.687156;4122989.5390719995;1647337.856358;1857804.0054559999;2603099.6107999994;3010209.901756;167925.0;-1914932.0681999999;-6941504.356999999;14596548.354988007
170;Medemblik;10194533.026200004;6851913.631719999;12137086.081832;18345078.127776;16101893.023032;5791551.045236;5616861.167904;12256893.612399999;19908664.677516;-617531.0;-7700909.6076;-15276930.442399997;83609157.31980401
171;Oostzaan;2128902.8276000004;1091123.9822439998;2044797.1901039998;2826502.2445280002;3403428.361376;1262905.20416;1015882.53716;2088540.7428;4260188.81607;-659147.0;-1622812.4371999998;-3518826.9103999995;14321493.979610004
172;Opmeer;2587669.9836000004;1480308.1766039997;3060773.151284;4313310.443152;4282739.326784;1428213.88564;1335767.8724640002;2862274.1767999995;4598094.908156;-266379.0;-2042158.9562;-3781776.4611999993;19858850.192796
173;Ouder-Amstel;3455254.3660999998;1910746.540876;2627833.7538519995;4166393.4049239997;5099040.077028;2357919.613048;2039421.853424;3087028.4824;5589460.3599;-312828.0;-2418482.6986;-6764464.167199999;20837335.909932
174;Purmerend;27455900.393400002;17419516.1439;28354553.871988;39284332.438708;33674544.719976;15308714.376386;15516400.947183998;30503935.559199996;25827745.94016;3488853.41;-15931484.838399999;-30130765.267599992;190772362.62615198
175;Schagen;10900102.719700003;6379057.342624;14389026.731004;17371144.417296;17252583.463012;6577922.001541999;7340410.543567999;12525192.501999998;18521104.161452;0.0;-7992527.027199999;-15336967.445999999;87927099.75296798
176;Stede Broec;5328252.258900001;3422949.5046999995;6966352.229272;10107242.490271999;7760482.826884001;2689836.189494;3965062.9352879995;6335977.122399999;6702485.987717999;-1148098.0;-3719210.2246;-5805106.146399999;42606256.70921801
177;Texel;3317932.5384;1924734.945636;4984011.87414;4912298.182992;5524923.3435039995;2584037.251256;2124782.874616;3440514.1659999993;9087357.65222;2762995.482;-2312683.497;-7696245.234199999;30654673.801147986
178;Uitgeest;2929826.7862000004;1669248.80228;1972067.1597999998;3680242.0796479997;4707073.142295999;1621326.573072;1353007.114536;3086064.2739999997;3425527.8526979997;451749.0;-2243210.92;-4151807.0901999995;18501125.088642
179;Uithoorn;8189517.147;4280679.731683999;6295433.954059999;10689164.300472;11081669.266263999;4865213.724835999;5629064.541656;7895457.7299999995;10754273.220232;1719875.0;-5304189.403;-12776544.543599999;53319645.458328016
180;Velsen;18439212.339999996;14481745.327596;19698018.752355997;28703576.274288006;24529835.825696003;9911886.50544;10747421.376327999;21309482.5612;18262277.366203997;82780.0;-11591206.5158;-24928592.711599994;129646520.56419602
181;Waterland;3727717.0755000003;2090568.602976;4318428.455999999;5135909.297248;6146997.821756001;2363994.6927259997;2004169.491168;4332689.4024;6987562.530961999;-960406.0;-2933751.5949999997;-5316910.941599999;27896983.678105995
182;Wijdemeren;5232914.255200001;2343311.1098399996;5950774.65818;6605070.914936;8758796.981711999;3305766.0212200005;2507857.4690320003;5365316.355999999;8519120.400636;-886726.0;-4118970.499;-10292071.803799998;33291178.479872018
183;Wormerland;3767158.0419000005;2362583.28406;4488995.837932;5706450.867672;5839318.123164;2301767.9984859996;1885066.53452;3701172.0923999995;6407412.850912;-89642.0;-2770867.6975999996;-5300839.0265999995;28298595.21732001
184;Zaanstad;49918760.37230001;38129602.138275996;53732726.366124;75725944.40756401;56720663.691708006;28158772.536227997;30235367.971904;56806655.1748;51962694.51783;0.0;-27017131.8782;-54056790.52279999;360317480.039214
185;Zandvoort;4196290.9585;4051394.0026000002;5720792.107403999;6929750.127227999;6495311.139715999;3003010.237636;2030816.9865040001;4048205.4947999995;4842076.328146;936497.0;-2924376.9822;-7260059.701999999;32069731.86105402
186;Alblasserdam;4685324.0968;4061159.194659999;5163788.723723999;8701325.702372001;7080676.928064;2688842.051646;2673973.9321600003;4866532.0408;6546037.359922;732275.0;-3400640.7931999997;-6918273.7392;36881047.187642
187;Albrandswaard;6213901.8021;3951544.608056;3807845.856948;6588285.5493359985;9188538.716532;3547512.6889780005;3116190.4166959994;5933770.017599999;6741502.4672840005;1887793.0;-4424147.6263999995;-8415371.744599998;38137382.92331201
188;Alphen aan den Rijn;30551997.526300002;18423283.782024;27525607.284155995;41111202.943128;40433090.917116;16630826.709526002;17920738.462543994;34539510.38119999;40495697.989453994;42407.0;-19245745.2708;-37575864.701;210852866.37869793
189;Barendrecht;13032267.072399998;6003690.625263999;9191124.627339998;13795357.135476;16872806.929392003;7177659.452889999;9635746.539271997;13172130.586000001;16913366.463544004;0.0;-8150891.022;-16730844.060999997;80912449.09072399
190;Bodegraven-Reeuwijk;8244258.7092;4116669.982864;7567597.694704;10315467.017924;12774589.320048;4957072.413646;4250382.328824;8428056.3348;16905789.2086;-32467.0;-6121789.5622;-12477435.019399997;58928219.367935985
191;Capelle aan den IJssel;20048554.9611;18007398.674559996;17867150.319499996;29281533.344972;24141170.891563997;12641648.938455999;12369386.171176;18633202.228;22939605.31456401;4189325.0;-11370903.115;-20453926.057599995;148294239.289656
192;Delft;35376353.1953;29293004.340416;33918540.968032;38540456.539008;40356061.670596;22128076.643794;18139270.130888004;38204822.28039999;43973681.60862801;0.0;-18343606.1926;-37694289.4634;243892501.61882806
193;Dordrecht;38365028.208900005;39620306.524156;48294760.79632;56332486.541820005;43603880.52658;21336861.362495996;24207727.533112;47063380.980799995;41468635.178754;1040962.0;-20434981.866;-40815459.09099999;300083750.6733499
194;Goeree-Overflakkee;11127432.4934;6856160.576304;13576915.305471998;17936590.89254;18807388.729319997;7383969.896666;8108145.737871999;12363069.880799998;22095362.55599;1401389.0;-8682732.8946;-18522541.287199996;92451203.45368598
195;Gorinchem;10824855.893900001;10476313.60854;10741693.788936;17724718.78804;13710783.0027;6189817.630198;9502138.079688;13001293.481599998;13332256.266948;0.0;-6473672.3498;-13191797.387199998;85838452.80153604
196;Gouda;22288451.837400004;19394162.637875997;25933568.485328;30679912.049119994;26943934.08164;12542733.52218;16434498.223775998;26539662.43039999;37666429.89544999;0.0;-12682177.0804;-22415053.324399997;183326212.20274997
197;Hardinxveld-Giessendam;4132246.9649000005;2542152.1232239995;4093739.360491999;7403762.358111999;6501197.400164;2165419.707034;2602500.231376;4676790.334399999;6407102.003344;-200339.0;-3140830.0955999997;-5781957.5478;31401804.60075601
198;Hendrik-Ido-Ambacht;7968896.7446;4342993.018316;5329770.805524;9873189.108544;11293919.805688;4181926.6455159993;4097983.943832;8529714.9868;9192763.192653999;1284453.0;-5472262.8182;-9001890.4332;51621482.82990999
199;Hillegom;5293063.0331999995;3211899.1465;5409365.836051999;8265547.801052;8056515.585744;3020879.535534;2873010.440288;5611125.626399999;7066462.043808;0.0;-3820489.5236;-7655982.284399999;37331422.931928
200;Hoeksche Waard;19370950.2211;11332290.605384;21797647.567996;29566369.931687996;31564926.357116;11134243.298317999;11787441.300304;20854615.665199995;30259786.051033996;931719.0;-15109197.372799998;-29327271.445199996;144163607.43193406
201;Kaag en Braassem;6383340.9993;3547757.3396439995;6328328.415088;8739705.525988001;10254067.280596;3917091.1621200005;3109273.807784;6715000.909599999;11175598.767558001;-1419382.0;-4882834.0384;-10025272.874399997;43842700.08722599
202;Katwijk;17149553.6288;10294674.725984;16194651.708556;25723952.244212;23325896.764144003;8308110.097505999;10071973.841684;20475803.1172;15605796.374907998;0.0;-11210362.8708;-20780238.933599997;115159880.39034797
203;Krimpen aan den IJssel;7104552.586999999;5946235.027624;8613918.260116;12058498.496436;10369575.871992001;4091102.5224819994;4253518.663512;7053828.2172;9938200.693794;0.0;-4959504.9788;-8374962.548999999;56095000.825045995
204;Krimpenerwaard;12384390.280700002;8395143.250636;13770667.26426;20463460.579107996;20108937.910156;7360926.427268;8211161.566407999;13325540.172399998;28769993.504752003;-2334887.0;-9673428.582999999;-17672811.1146;103109155.416352
205;Lansingerland;16004665.7301;6646536.120275999;8538501.735504001;16268406.927924002;22553114.789828002;8286665.044787999;11257557.356264;16857780.8288;20509721.562971998;3855002.0;-10980684.857199999;-26457893.6474;93339408.20861599
206;Leiden;42883392.4449;32642483.819844;50000992.816728;47205115.600988;47722286.379396;25279478.688879997;22443843.92764;51912352.8472;49764747.04481401;0.0;-21780573.6104;-50063495.41979999;298010772.59705794
207;Leiderdorp;7123591.947899999;3940284.6262439997;6744702.201576;8006542.160524001;9874975.345788;4235364.315231999;3834059.764784;6827605.1772;8296748.028834001;1654467.0;-4643111.7968;-8980069.506199997;46915184.05743001
208;Leidschendam-Voorburg;22477637.557099998;16944588.988855995;21397105.704864003;25883808.567975998;28123621.587211996;13750503.532277998;12256051.178871999;21445816.448799998;22824797.36665;2561305.0;-13095831.870199999;-24612075.4784;149957409.35232997
209;Lisse;5371406.1209;3109880.3194999998;6309311.1491519995;8890003.96708;8275897.921060001;3157970.04599;3443846.443348;5728278.182399999;6576038.42763;0.0;-3925116.8986;-8689402.208599998;38248141.52267001
210;Maassluis;9791278.34;8122140.898484;10036553.728712;14426011.271992;12686515.975504;5907867.725856;6163424.998696;10048141.832399998;8685930.259483999;556686.0;-5998412.9616;-9878519.268199999;70547663.29731198
211;Midden-Delfland;4292277.5839;1923221.92224;3415554.1793319993;4653134.966484;6777870.754668;2525211.4348959997;2107589.3094079997;4150332.150399999;7404178.255558;0.0;-3243783.4326;-7935015.521999999;26070584.404721994
212;Molenlanden;9208180.7206;5038025.676364;8603917.450035999;14558157.464856;15627213.750952;5594046.34392;5629175.789688;9929530.993199999;19945961.057436004;0.0;-7578537.429799999;-14254408.606399998;72301303.426388
213;Nieuwkoop;6179534.4044;3141655.8792839996;6492043.599516;8889791.577680001;10257920.94744;3520953.2887320006;3303727.9913919996;6579748.153199999;12481166.845758;0.0;-4938579.5038;-10271880.27;45636108.27224599
214;Nissewaard;24931686.9706;22070403.865296;30600604.304424;39281486.382748;31041153.329816;14007084.19087;15028142.44336;27131566.170799997;24064823.786126;5267029.0;-14671101.628199998;-21964857.5752;196788137.68759805
215;Noordwijk;10485473.287500001;5881271.779084001;10930156.873944;14663309.566244;16449344.538748002;6215972.576679999;6164816.663448;11204547.1188;12151427.206786;2584257.0;-7656045.389199999;-19817639.890599996;69256936.02479798
216;Oegstgeest;6201782.0536;3289512.4512399994;4197160.703648;5052349.079055999;9116444.870352;3350899.0727;5135755.434415999;6298872.749599999;5591399.756882;2613902.0;-4343793.802399999;-10205024.2702;36299271.22288999
217;Papendrecht;8079896.5896000005;6077765.914419999;8983685.478548;12456377.40174;11361859.943839999;4543962.172254;5574809.30664;8496954.6496;8904808.958640002;649188.0;-5386719.4764;-9588841.270399999;60153785.62068
218;Pijnacker-Nootdorp;13893016.624400001;5388680.98986;6748481.213211998;12891812.948892;19966529.039904002;7553931.654106;8039368.869448001;13268849.7964;16740153.514214;8260721.0;-9698036.941599999;-18878159.597799998;84175379.94307002
219;Ridderkerk;12265370.0081;10238235.934136;15584369.446336;21179610.1138;16848058.274180003;7276288.073062001;7894380.329935999;12478769.663199998;16265899.295354003;-1255308.0;-7988676.7398;-18099925.275;92687137.85577802
220;Rijswijk;17367804.1165;14783084.232664;14102059.272371998;22106563.78288;21481548.96778;11561084.102278;14017198.782496002;14677699.246399999;17349136.47121;7204755.0;-9984297.4396;-19323025.007799998;125343685.90436599
221;Rotterdam;274586979.63680005;314186452.925356;305503527.55096;362842451.256616;243914568.892592;166914660.761608;153590452.42501602;327484889.92239994;249026319.11578798;66514249.9862;-112262662.31799999;-262166913.76719996;2090136021.1270075
222;Schiedam;26315872.423000004;22955730.238799997;21317881.282408;36394190.449848;29350949.634456;17550028.401676;16683249.01644;26274245.657999996;30120194.652138006;1153085.0;-13699992.1844;-23383229.218599997;191032324.28018603
223;'s-Gravenhage;226133703.9831;218988916.94296;222141603.417236;244624752.826772;208881735.924164;140174098.397676;121243490.407672;261575477.4644;211325624.58704606;96038315.0;-94787547.03979999;-213109811.56779996;1643231079.5325308
224;Sliedrecht;6468409.770400001;5779069.93908;6978827.889475999;10771072.639888;9267358.122976;3646678.356552;4347921.522832;6897822.189199998;7942135.7392879985;3899590.0;-4396191.1918;-8194042.379599999;53408684.51080398
225;Teylingen;9051742.9739;4156288.8476159996;7691523.25282;11186431.945600001;13493512.841819998;4798457.603437999;5103500.974128001;9973493.398;10572202.254275998;694128.0;-6440024.186;-14029541.865199998;56251746.44302399
226;Vlaardingen;22951071.9448;23179075.237536002;29360090.226143997;36307318.80682;27428183.28632;14052054.316482;14711056.731407998;23677470.272799995;23889524.129278004;1210705.0;-12791156.9542;-21382144.230999995;182593364.599622
227;Voorne aan Zee;17830435.608799998;11286860.309639998;20105004.409064002;24634692.939632002;26260428.573024;9927401.539712;10811751.451647999;20784088.411599994;20087072.252558;2426441.33;-12438771.9552;-22860104.072799996;128855370.492414
228;Voorschoten;6133863.7436999995;3191799.6531759994;5852944.426999999;6437623.065888001;9058071.807235999;3479264.406666;2763946.591;6141277.059999999;6083571.589179999;3010111.0;-4289722.375;-8399567.783599999;39463200.98423601
229;Waddinxveen;8332695.2837000005;4287992.762484;6134003.9904;11151594.663660001;11793722.9325;4552980.237352;6633651.021823999;8926591.297999999;13002571.289006;628032.0;-5691729.199999999;-11737189.4596;58014946.41809
230;Wassenaar;6580724.9982;3525920.7405359996;6919086.156699999;7218981.519324;9596909.451208;3837275.6668900005;4132519.90412;6458035.749999999;6733712.408171999;0.0;-4536642.9799999995;-12972059.7428;37494483.563063994
231;Westland;29635618.673;14817679.11148;30666635.725356;43920010.896528;40222486.326055996;14394501.522432;16481947.930399997;37090258.004;33962691.52713799;-7460692.0;-19408963.9758;-46338895.61359999;187983392.56990206
232;Zoetermeer;40066494.1326;30307899.740763996;32423352.403744;51226838.53147999;45405459.837079994;22100439.209208;24570066.940007996;43397476.60479999;32981013.131662004;11708966.0;-21500339.6492;-38644963.1192;274042844.5542419
233;Zoeterwoude;2101496.6717;819256.967204;1716130.184712;2036961.322532;3453725.3082439997;1305637.45492;1013605.131112;2077011.5923999995;4234237.17107;1389813.0;-1629173.7815999999;-4181675.2139999997;14337031.190946007
234;Zuidplas;10943786.5221;5778936.610319999;7560658.836587999;13519458.293907998;16628263.178836;6347498.08152;6906707.827435999;10825998.321599998;17223099.594054002;3328265.0;-8009100.0034;-16290566.741999997;74763041.95163
235;Zwijndrecht;12018898.438699998;12242641.941804;14213832.610784;20870908.077516;15930855.796492;7286415.981888;8029821.052263998;12159922.124799998;14224072.03907;1362213.0;-7512078.1212;-13806854.0146;97020715.34745
236;Borsele;4981007.1252000015;2979632.9156439994;5813887.363635999;9274223.40364;8167261.21904;3168567.7415040005;2926377.726448;5391764.367199999;10820527.990448004;-285761.0;-3870543.2597999997;-8301202.764799999;41065769.58720799
237;Goes;11208606.841100002;9926647.66692;15186650.993912;19976665.666868;14257498.170556;5866702.13658;9652981.986112;14181855.325199997;14500263.291786;-3457854.0;-6642917.5916;-14073306.677;90583848.870082
238;Hulst;6619405.7638;3981970.25026;10269360.450179998;12618279.484604001;9853119.809368;3477569.5025899997;4008002.3588799997;8362414.676399999;12088447.967012;-4423676.0;-4575145.853999999;-7515985.393199999;54763799.17718801
239;Kapelle;3027301.7500000005;1376136.5473599997;3327086.9632439995;4683254.925864001;4585970.963088;1615410.39034;1974364.863504;3420513.2388;4676860.013866001;-1075741.0;-2177756.0341999996;-3988774.9589999993;21444639.415069997
240;Middelburg;14725077.635700002;12813173.213663999;17634818.026564;24222661.984472;17983289.086404;7570683.773742001;9202575.173608;19756127.326399997;16514309.382122;-3124955.0;-8370859.6152;-15456782.942199998;113470184.342662
241;Noord-Beveland;1726094.7393;1118459.445096;2707065.9990879996;2141732.6670720004;3217727.037044;1639088.9920779997;932092.9575039998;1773237.4676;5494265.935582;216374.0;-1329688.3834;-3927882.4763999996;15708574.685222002
242;Reimerswaal;5257430.3814;3287826.5768799996;5674168.9333;10686188.669327999;8092196.340056;3036837.690152;3952506.194208;5719977.402;9375921.469748;-1644333.0;-3904693.635;-6265856.088199999;43268200.57722399
243;Schouwen-Duiveland;7886342.3839;5215970.552196;12409859.468395997;13651808.304268;13010270.788155999;5363181.079659999;4643533.35368;10301610.5828;18601585.444326;-3273390.0;-5797360.9978;-15142047.283599999;66871403.55298999
244;Sluis;5577209.4775;3206237.3767999997;9376122.7854;9187425.659476;9292597.698571999;4556944.223492;3415707.712936;6551850.804799999;14001909.599038001;-2449048.0;-3875397.9699999997;-11827573.126999998;47014012.766614
245;Terneuzen;14477442.5614;11866160.567235999;21751894.897911996;27459300.914776005;19792399.008552;8202004.855844;9197004.321112;16843024.1604;20628555.979283996;-1607151.0;-9229306.3016;-19100948.183199998;120280461.58032
246;Tholen;5750580.6363;4017287.461596;6955170.692315999;11427205.552323999;9459618.237388;3615187.031812;4041427.7096160003;6764724.282799999;11576862.142533997;0.0;-4494959.4338;-7224690.199999998;51888447.386893995
247;Veere;4626855.392900001;2096226.8298759998;6189848.921972;5778450.534324;8453877.296628;3747543.6502079996;2421884.6800720003;5314248.129199998;10314351.49111;0.0;-3694099.6545999995;-11715108.885599999;33534093.67238999
248;Vlissingen;13489536.6555;15554430.975383999;30250602.144223996;25034879.275032006;16495613.179483999;7467733.0396259995;6269462.838816;16624417.261999998;15347550.208848001;-1723149.0;-7598291.078199999;-14729632.6792;122483228.12652801
249;Alphen-Chaam;2145470.91;949554.4105359999;2407507.83668;2730834.619388;3732828.1768159997;1322759.795798;1229652.701408;2263852.892;5034990.647468001;-681381.0;-1750206.7289999998;-3952720.2927999995;15433151.527947996
250;Altena;12018506.850700002;7291596.356203999;13266759.974731999;21099120.893084;20124145.592588;7171169.6249440005;7808588.0198800005;13311900.447599998;19717522.664766002;0.0;-9755791.2526;-17608243.913399998;94445336.55223
251;Asten;3930979.0070000007;2387960.3749239994;4853570.152431999;7148683.480504001;6094118.355288001;2238330.8040879997;2297839.9999679998;4733847.788399999;6131612.25872;-1882323.0;-2896420.5475999997;-5991147.985999999;29047071.89116401
252;Baarle-Nassau;1469358.1585000001;1079367.3354;2283730.8114159997;2353495.3293400006;2638063.88378;989482.30578;1010974.311112;1561644.2332;3957024.7623579996;60797.0;-1184549.2888;-2849643.5607999996;13369752.480686
253;Bergeijk;4069682.2265;2007421.13386;4856071.249836;5995468.73076;6843464.904499999;2603937.098582;2059058.299368;4512642.367199999;7721465.885353999;0.0;-3213483.3447999996;-7193615.573199999;30262130.109834
254;Bergen op Zoom;20704550.3453;18069760.269556;26463774.425904002;33189640.057803996;24746988.644628;10919502.358724;13283446.988208;25330783.060399998;20961370.988022;-3339539.0;-11667040.437199999;-22311583.718;156351747.42445797
255;Bernheze;6910387.062600001;4083960.6726359995;7401848.142732001;10889851.408208001;11307316.952055998;3927610.889108;3779914.1374239996;7737584.9984;9815152.003704002;0.0;-5445143.4026;-10370541.245199999;50037972.79971199
256;Best;7812046.8878999995;4486388.128156;6786310.037068;10435145.255924001;10926128.167868001;4112719.2347839996;4060955.385128;8823218.3936;8154230.9141299995;1095744.0;-5226848.847399999;-11087280.962799998;50378784.85320999
257;Bladel;4506463.1244;2576177.798796;5470944.62226;6563623.458504;7459288.278448;2747674.928432;3503710.282568;4972695.87;8404724.551648002;325601.0;-3512968.743;-8677853.746199999;34340100.295384005
258;Boekel;2374787.9654000006;1392022.37814;2264475.9970879997;3397453.071268;3948483.456216;1351482.141414;1200610.6922000002;2657233.333599999;4213605.071116;-15461.0;-1890491.1134;-3740578.398799999;17153632.692608006
259;Boxtel;8281583.434900001;6481880.432844;9811814.972964;14088092.694668;11945291.569556;4600691.226199999;5589518.5164;9292229.852799999;9441226.57463;96839.82999999999;-5688213.720199999;-10460233.5146;63480763.42135002
260;Breda;57592992.5091;45276768.201735996;72724737.659148;82576888.22695999;67080835.0155;29768307.167902;32805237.99504;74436981.9768;53333295.354554005;-18981112.0;-31484971.896399997;-70307777.68999998;394822400.71285397
261;Cranendonck;4598782.8297999995;3747442.3995439997;6293661.444455999;7700274.2819799995;8146921.89052;2752519.3748139995;2851140.043512;5026062.537199999;8712685.358567998;-67948.0;-3488862.5958;-6873864.900599999;39398837.433552004
262;Deurne;7839861.264;5172707.851259999;9689259.89178;14284935.704772;11741290.629664;4089412.9509459995;5523237.888816;9508244.171999998;11816459.438083999;-1326981.0;-5554458.084;-11253762.274;61530249.23091597
263;Dongen;6363736.2159;4049136.5167639996;7009391.434419999;9948987.225724;9486151.443948;3410141.474916;3460664.1511359997;7118326.52;7002102.643386;0.0;-4535805.961;-7900699.049399999;45412161.69000998
264;Drimmelen;5929643.0168;2935503.6522239996;6960807.718572;9684259.206147999;9904526.314656;3563379.2984859995;3200451.182736;6404214.512399999;8558716.853823999;0.0;-4719447.929599999;-8615300.8008;43806782.75243599
265;Eersel;4374355.773400001;2044433.515004;4870198.310684;5861705.4793839995;7123042.872488;2555870.805104;2885327.355808;4849393.208799999;7415977.033904002;799247.0;-3381389.3562;-7584200.4608;31813977.279128
266;Eindhoven;90880761.7114;69906765.118724;108174329.868372;123256511.403352;88880054.481144;47757190.738404;44854074.273283996;112849154.89079998;71794757.095664;-49136863.0;-41251142.184599996;-99484579.3464;568481336.7184839
267;Etten-Leur;12088813.016299998;8150450.938776;12564171.399192;18361868.16968;15928628.36606;6160696.398250001;6982304.6882879995;14127897.966399997;12977087.595238;0.0;-7572845.700599999;-15449975.944999998;84319147.524814
268;Geertruidenberg;5022405.6425;3937677.9076039996;5917329.126959999;8942977.78134;7802712.826019999;2836512.2688559997;3038291.5370239997;6088062.190799999;6945872.758742;0.0;-3692927.8279999997;-8181507.159199999;38657434.132897995
269;Geldrop-Mierlo;9935012.5313;7420701.449259999;10955485.549128;15703510.582600001;14381494.45218;5476728.658922;5315776.594056;10794328.771599999;9743731.961566001;956795.0;-6818858.9854;-12251543.805;71613209.571506
270;Gemert-Bakel;6997019.992100001;4967347.366083999;7483675.65466;12955997.154644001;11045286.120948;3875281.7260399996;4843116.332168;8248119.3023999985;11466201.401341999;-1387147.0;-5262338.453;-10086182.226599999;55146415.356070004
271;Gilze en Rijen;6394040.0125;4502807.940699999;6267028.605488;10582482.335016;10232508.444452;3912761.9191819998;3517640.5921759997;6482700.8376;8734561.817678;316116.0;-4577322.103399999;-9759205.145599999;46606153.25336201
272;Goirle;5370232.1356;3673747.680464;5196956.909632;8109071.6585800005;8530087.04968;2977483.1772580002;4483167.253576;5795574.396399999;6091989.7084679995;3078682.0;-4072432.2425999995;-7374917.012599999;41859666.30960399
273;Halderberge;6971177.1028;5419076.117456;8806701.703927997;12169829.352052001;10952047.675584;4252096.94573;4383307.288432;7658217.279199999;9997595.13972;0.0;-5220152.6954;-11388014.157599999;54001919.23294402
274;Heeze-Leende;3531945.6258;1463240.5082999999;3975813.9425119995;4092733.644924;5973692.773527999;2069732.847538;3424983.065544;3855017.732399999;5763459.494092001;594463.0;-2813555.6665999996;-6146959.232599999;25784578.634648
275;Helmond;29024449.5706;27854663.258956;36130832.091584;50938551.435496;33779321.946952;14428210.054027999;18190134.077975996;36857443.3768;24772054.967640005;-9344894.0;-16049671.9212;-29355765.065799996;217225470.277324
276;Heusden;11389661.360000001;6652336.309096;12342224.976316001;18493541.2591;16081320.64336;5732151.6621739995;5751399.6267599985;14245170.6544;12459154.670379998;-2999616.0;-7704927.2988;-14361896.472;78080572.06618403
277;Hilvarenbeek;3315303.4942000005;1588587.855176;3726164.735376;4316064.1471959995;5718388.682712;1928415.2130420003;1716368.305952;3587684.3291999996;6633609.278772;0.0;-2671932.0518;-6167570.3763999995;23691095.688396003
278;Laarbeek;4872513.735100001;3078272.2978399997;5939123.142120001;8610299.291852;8104510.919563999;2851121.2241120003;2742124.4016960002;5354030.054;7315194.818662001;0.0;-3887116.2359999996;-7633389.459599999;37346710.20630202
279;Land van Cuijk;20820886.6297;14027672.717184;24760048.510452;35820026.94416801;32233846.814276002;11764734.104137998;13773176.230728;23604420.871999994;32176230.932162;5357358.16;-15354611.3436;-30204469.430399995;168779426.52142206
280;Loon op Zand;5281026.317100001;3148460.508796;6230873.096000001;8976626.053059999;8435610.28518;3090754.593724;2739504.4939119997;5751299.903999999;6503628.599269999;981324.0;-3992580.63;-8510611.315;38635943.35804998
281;Maashorst;14878613.3028;9826571.640556;17609398.594352;24925894.424760003;20853983.52896;7865205.394536;8693275.775832;17827287.930399995;19686748.733964004;1043844.15;-9913987.8436;-21920503.136799995;111376402.27399199
282;Meierijstad;20301272.1354;12309505.207544;21741098.283764;32307642.251036;29457583.104952;10725323.508965999;12443221.969552;23410658.662799995;27344328.46034;0.0;-14112809.9552;-32707069.535199996;143220844.51231202
283;Moerdijk;8334518.414000001;6076600.265179999;10008633.082655998;14521464.688428001;13401666.118256;5456168.435582001;5275575.687028;9727137.0584;17880275.009642;-2277019.0;-6376578.1458;-14321934.263999999;67706552.130634
284;Nuenen, Gerwen en Nederwetten;5507956.142200001;3175124.1818839996;6163785.357595999;5945665.297392;8507957.190504001;2920233.595156;2624863.847936;6134731.0872;6337034.854087999;693664.0;-4056361.4777999995;-8239658.729399999;35715010.15764
285;Oirschot;4093438.3676000005;1869982.7684839997;4465784.2046799995;5423303.986784;6799418.500128;2261712.1009;2420376.259888;4741465.483999999;7715902.610184001;0.0;-3227545.264;-8308614.539999998;28255239.584892
286;Oisterwijk;7331212.753900001;4137639.883904;8669355.194732;10191665.448600002;11633805.58254;4246965.587625999;4462715.109048;8540294.498;9592455.446273997;1270361.17;-5516290.0176;-12086407.389999997;52473801.87732599
287;Oosterhout;15499637.0207;10473713.505283998;17771345.518384002;25177430.509908002;20498261.081756;8455755.222568;9446948.172096001;18383482.476399995;17159074.399998;-353488.0;-9696697.711199999;-21236365.369599998;111579169.12445797
288;Oss;25502249.862499997;21991083.904276;32099235.386944;44747967.613676004;33277141.909172;13312693.342311999;16728623.165911999;30938237.1348;29904944.523756;-2652163.0;-15842091.209199999;-30242350.912399996;199765699.71628797
289;Reusel-De Mierden;2873337.7197000002;1435236.839904;2706575.393632;4225904.33172;4807870.04378;1779355.6716460001;1593958.739224;3179336.5763999997;5681676.8589940015;179.0;-2272841.3926;-4488582.114399999;21522019.214162
290;Roosendaal;22148753.583100002;19596808.362540003;26175521.483144;37456170.11666401;27519598.218828;12210776.264686;13512278.189000001;26262664.081199996;23521934.980054;-2636474.0;-12983671.324199999;-24832256.531999994;167952212.416962
291;Rucphen;5355989.0287999995;3946508.11918;6867494.78202;10285288.528964002;8377437.697248;2853449.219394;2799691.667256;6270608.245999998;6839300.433204;0.0;-4004298.8959999997;-7044146.1175999995;42547353.779628
292;'s-Hertogenbosch;49459727.88999999;41303262.28646;62106199.846112;72323198.97401999;57315534.21512;25280373.566502;26773689.400968;64927765.5592;44914067.579331994;-12593311.0;-26911332.676599998;-65214414.87759999;339684948.884688
293;Sint-Michielsgestel;6314016.33;3306137.0686439993;6391300.991504;8731114.906832;10464101.184864;3514951.955228;4100793.4156760005;6943507.110799999;7588453.038648001;1302105.0;-5037849.9572;-8793407.2118;44825247.341864005
294;Someren;4434632.982500001;2664148.9905;5095202.532308;7613064.533096;7170759.320612;2552877.699762;2586639.6594160004;5043237.0396;7559872.027754;-1659273.0;-3379547.9143999997;-6949331.269199999;32732304.74045799
295;Son en Breugel;3975865.7201000005;2107625.2735160002;4008670.008444;4900115.7436999995;6259912.4132199995;2034571.8038279996;2224432.319936;4486098.7047999995;5542263.827638;406162.0;-3006404.8441999997;-7689856.270799999;25249468.708837997
296;Steenbergen;5347275.745000001;4072623.8927359995;6969753.368116;10625782.91246;8653484.621399999;3198838.284522;3203868.289976;6177769.356;8705176.52673;-767185.0;-4097375.4088;-7942423.278599999;44147622.70609398
297;Tilburg;76259475.7071;71719618.259076;91454972.82897599;115457553.079316;82458322.42465201;40191447.977331996;40486821.092896;94271717.4888;70440351.38964199;-18799647.19;-38475419.7768;-85561041.2622;539904499.6071099
298;Valkenswaard;7951743.0753999995;6058644.35822;11365202.840524;14584173.376020001;11310894.050999999;4264709.357713999;4539382.4064960005;9351424.114799999;8936775.247252002;-1763577.0;-5309044.1132;-10495800.3114;60794571.865724
299;Veldhoven;12408826.843500001;6767762.15712;12386671.934532;17442229.971396003;16478212.564171998;6368889.931795999;6453355.988968001;14217015.036399998;11693930.932062;413534.0;-7839017.7425999995;-20067018.7286;76724440.95347397
300;Vught;7513979.662600001;4387536.087744;7625881.285995999;10148465.274588;11436192.575895999;4154380.7516899994;6034500.3550120015;8564764.733199999;8170361.3625799995;2512234.66;-5416517.3527999995;-12924896.814199999;52206909.099244
301;Waalre;4045259.0513000004;1923236.9032039999;3952093.2100079996;4576108.684148001;6327681.691796;2179861.9157519997;1821487.357736;4358465.7535999995;3805378.2167459996;1123567.0;-3011259.5544;-5972243.809999999;25129647.817661993
302;Waalwijk;12980634.361600002;9298237.428104;15764848.299331997;24131885.916372;17689561.941024;6895521.09645;8187715.818639999;15436563.008399999;15778541.232748;-2369953.0;-8420745.9476;-18969598.580799997;96403282.67807204
303;Woensdrecht;4934563.7324;3096269.3498199997;7054035.499428;8840962.7629;7910863.584960001;3023346.796934;2769332.7399280006;5469267.853599999;7040892.7338539995;-1217461.0;-3717703.5903999996;-7716959.725599999;37487437.253341995
304;Zundert;4843411.766000001;2943053.39056;5982144.688147999;8114345.584488002;7967786.149216;2672687.712628;2900570.38752;5406925.735599998;7555118.628536;0.0;-3775457.9014;-8429789.5868;36180820.92766
305;Beek;3630572.7045000005;2785242.568616;5095656.356639999;6533379.323816;5762130.763572;2145407.21923;1583998.717832;4014692.87;4375364.35351;427253.0;-2714452.6169999996;-5507777.628799999;28131488.168382
306;Beekdaelen;7471480.121800001;5586587.927695999;10843429.866435997;14598046.903916;12670862.966312;4554400.425266;3666043.0258880006;8183239.133199999;9672296.829608;499422.0;-6009126.8048;-8590899.222599998;63145829.41345998
307;Beesel;3183766.9302000003;2545497.288036;4478642.698304;6743394.149264;4792906.652888;1738094.7418799999;1757392.7930519998;3691750.9887999995;3750040.2998600006;-691495.0;-2242206.4971999996;-3295088.4444;26452717.325867996
308;Bergen (L.);2741875.4637000007;1982213.837716;3748367.424264;5434755.511092;4695230.837444;1878457.9743519998;1606658.122728;2943416.1008;5381807.3633779995;-287378.0;-2202029.5852;-3605931.5847999994;24317460.800549988
309;Brunssum;7174308.529700001;8304693.513599999;11371624.82432;17233260.673436;10082526.415091999;4030344.5372920004;3430447.4442000003;8541942.549999999;7292522.287218;165019.0;-4648803.526;-6479087.0512;66498855.69661799
310;Echt-Susteren;7408140.233100001;5365141.3334800005;10889454.886556;14435443.591715999;11473361.818492;4430489.448387999;4161890.2908479995;9368229.985199999;11596169.624809999;0.0;-5363785.1558;-9978712.267199999;63785868.519021995
311;Eijsden-Margraten;5481323.737500001;2861871.12874;6885281.314643999;7673465.890847999;9213133.116476;3148557.4931739997;2703605.371024;5927763.644799999;9011872.311697999;-841095.0;-4358190.5292;-7679881.9777999995;40027728.13176999
312;Gennep;3937953.5691000004;2940265.6560199996;4798787.017623999;6349713.563399999;6391530.877660001;2478240.097454;2494931.11792;4598482.219199999;5936276.89876;2426802.0;-2977946.1982;-5732929.505999999;33642126.04259601
313;Gulpen-Wittem;2941938.7464000005;2150622.6938199997;5186307.952764;5905246.7829;5103496.15496;1996818.188674;2311195.5720720002;3073813.4228;5868550.949736;-1988982.0;-2352693.0052;-4041536.763;26154798.209424
314;Heerlen;26741743.031600002;40727007.549035996;50087878.186675996;63428648.117616;31775100.863631997;14470155.271523999;19871179.811219998;34004758.691199996;24210426.443256002;-2184214.0;-14641303.751799999;-25087971.253799994;263403606.590364
315;Horst aan de Maas;9703980.714100001;5317206.654183999;11673999.788471999;16229496.154816;15558391.597732;5704960.816213999;5493262.482919999;11173170.6284;17068882.693178;-1933664.0;-7351872.684599999;-15939245.067399997;72698616.98264998
316;Kerkrade;12357186.345;16113705.613004;20000278.924276;31100918.519752;16450922.840184001;6880075.033679999;6538043.235448;15136999.2972;12669143.020911995;0.0;-7585233.5818;-10969386.8118;118692753.962448
317;Landgraaf;9467876.7498;10732511.414075999;14286382.529992;20431324.113152005;13288706.573144;4874532.186744;5032397.874416;11673261.116399998;8963213.657227999;1957311.0;-6212689.825599999;-8133640.237199999;86361251.24527197
318;Leudal;7585949.389900001;5008774.417283999;10138875.783696;12791114.597964;12766271.656987999;4741015.82278;5296330.286408;8312275.2431999985;13751250.68271;0.0;-6027541.2228;-10923343.439599998;63441012.19071401
319;Maasgouw;5182475.1079;3448018.91742;7638026.971996;8535013.598088;8771290.978796;3387808.4033899996;2339296.6191359996;6349226.119999998;8565747.282182;981346.0;-4085657.1427999996;-8195148.559599999;42917470.714045994
320;Maastricht;39503057.985700004;36821563.992763996;60193781.630459994;61448976.4769;46163561.09642;21892414.996708;17779281.785736;51027087.90639999;40127110.19098999;-11495864.0;-20973185.083;-43586854.233399995;298901122.35089403
321;Meerssen;4024827.9317000005;2703962.7109439992;6086505.984115999;7125026.74172;6578889.4481;2349621.5611739997;2225526.419048;4546811.6852;4860566.177082;-31757.0;-3109692.9888;-4715979.9772;32644330.572301984
322;Mook en Middelaar;1706540.8705;1001044.1613799998;2101861.0448479997;2122061.8785119997;2899846.6780040003;994859.0613699999;784571.720032;1832127.9915999998;2217066.948452;0.0;-1364843.1814;-2390790.8526;11904352.443880001
323;Nederweert;3868241.5924000004;2085058.6464839997;5369195.074072;6909254.244544;6287481.964848001;2118085.2797;1962067.3727199996;4421244.294399999;7946562.73786;-1224656.0;-2928227.2695999998;-5690390.7648;31123937.799832005
324;Peel en Maas;10086903.483099999;6080615.258599999;12734302.913544001;17733730.154892;15941038.260924;5406123.310384;5558052.569496;11639083.022799997;16020015.222034;-2227517.0;-7622564.629199999;-13756401.428799998;77593433.50311401
325;Roerdalen;4386080.6198;3458506.9155599996;6607631.342496;8570134.01164;7413736.03716;2948068.758492;2262011.642008;4968681.501599999;6885188.058244001;0.0;-3483003.4628;-5149568.016999999;38867494.64592399
326;Roermond;17901401.1459;18704343.172115996;21732635.874987997;34009979.38432399;21669907.067148004;9686912.924736;12082652.701216;22241135.104;19003110.936304;-3214202.0;-10168609.0234;-21704038.890599996;141945328.665488
327;Simpelveld;2154804.9573000004;1746613.9635239998;3669068.2197800004;4999852.308692;3713515.4855239997;1408395.063464;1016725.192696;2369178.2679999997;2552517.131098;-269971.0;-1716725.9689999998;-2275295.7915999996;19368694.493178003
328;Sittard-Geleen;26121174.9737;26299175.891684;37208315.9764;51686752.85922799;33310407.634595998;13347278.081988;14187947.531464;34088858.38999999;27758217.186006;-1331145.0;-15509962.069999998;-32493836.3002;214673338.70969
329;Stein;5777606.5138;3830711.5399999996;9355050.185904;12049171.62044;8775089.51188;3095091.24458;3076637.1260959995;6934828.212799999;5937466.660404001;-1103237.0;-4142239.6271999995;-6220539.5572;47365674.09700398
330;Vaals;2394389.6186;2878023.996744;4177017.671936;5334298.954348;3804842.3578160005;1642806.9970899997;1055229.5915919999;2540970.5212;3130602.2805760005;-1318959.0;-1694293.8598;-2462782.8362;21482164.529400002
331;Valkenburg aan de Geul;3569339.2561000003;3210832.5004399996;6259386.658796001;6862005.660692001;6028987.503444;2470881.034032;2193480.187752;4166628.7803999996;4752007.991106;-813651.0;-2750611.8378;-5015407.8654;30933901.427398
332;Venlo;30657898.058100004;30248906.586075995;54260533.422724;58579192.825716004;36974528.131652;16706156.547952;19416866.298955996;38138846.1268;35093822.56607799;-13266580.0;-17374672.9982;-37193711.077599995;252241958.46871403
333;Venray;11571996.0779;9523743.266724;14088826.194392001;20115028.959212;15983463.103964001;6049739.775044;6370022.796584;13852617.4764;17716512.504094;-1746214.0;-7476588.5156;-16244558.741999999;89804646.18519396
334;Voerendaal;2578948.8775;1629332.4814999998;3948839.0636;5030049.940368;4408400.650396;1661195.803946;1282636.8473760001;2781994.1359999995;3427879.4763860004;-391799.0;-2071622.025;-3021713.2393999994;21264158.940101996
335;Weert;13911339.942000002;10347282.248483999;18527699.102364;24272826.894288003;18197939.143216;7481653.840667999;8185761.794751999;17169337.1216;16817073.559728004;-3183087.0;-8550818.700199999;-17599811.328599997;105577266.650144
336;Almere;74610771.56570001;54315506.09125599;59800542.0941;90729595.48711999;78457403.75058;42395739.80024599;47592300.825696;79982511.328;51160728.823802;0.0;-37916960.699999996;-66706047.33139999;474422314.60566205
337;Dronten;11001160.867100002;7189940.096639999;10003459.415463999;17004363.206588;15733237.395756;5820593.670824;7728479.899192;12497586.054799998;15971409.14419;243979.0;-7425028.145199999;-15173781.116999999;80595444.23511
338;Lelystad;25216548.843700003;22151067.314856;21147864.137979995;40601144.599272;29421155.378724;13669765.776529996;18628127.291784003;28261501.439999998;23778636.322486;3988660.0;-14075311.503999999;-27242126.106999997;185547144.93039396
339;Noordoostpolder;12324605.0599;10133714.608544;11755680.11456;22503093.565288;17591550.383996;6505666.09639;10650853.128088001;14439921.069999998;20699073.51979;-21157.0;-8376049.132999999;-17307932.870399997;100899079.18269405
340;Urk;5305552.867800001;2160871.899016;3881886.1928199995;9469075.348956;7369128.612152001;2139308.20897;4800620.494240001;6685039.6196;5600111.7465119995;-3213901.0;-3675852.6404;-5920335.2414;34601526.25565199
341;Zeewolde;5620587.8167;3967552.6998759997;3637055.1308839996;8685177.792124;8553447.098828;3189088.520008;3683953.981408;6458623.686799999;9579356.749852;318720.0;-4000783.4162;-9554369.265199998;40138434.26058
