CBS	Naam	Prov	ART.12	Beschermd wonen	Participatie	aanpak laaggeletterdheid	armoedebestrijding kinderen	beeldende kunst en vormgeving	begeleiding jongeren naar werk	behoud sociale voorzieningen Groningen	bodembescherming	BRP: Centralisering Inschrijving Vergunninghouders	dakloze EU burgers	einde lening inburgeringsplichtig	Ex Ante Impact Analyse NPLV	experiment gesloten coffeeshopketen	extra capaciteit BOA's	faciliteitenbesluit opvangcentra	gemeentelijke antidiscriminatie voorzieningen	jeugd	jeugdhulp aan kinderen in een AZC	knelpunten verdeelproblematiek	LHBTI-beleid	maatschappelijke begeleiding	maatschappelijke opvang	Nationaal Actieplan Dakloosheid	outreachend werken	personen met verward gedrag	regionale doelgroepen specifieke aanpak	Regionale Energie Strategieën	slavernijverleden	social labs	Uitstapprogramma prostituees	uitvoeringskosten Lbv en Lbv-plus	uitvoeringskosten Omgevingswet	veilig wonen	veilige steden	veiligheidshuizen	vergunningverlening, toezicht en handhaving	verkeersveiligheid	versterking arbeidsmarktregio's	versterking omgevingsveiligheidsdiensten	voorschoolse voorziening peuters	vrouwenopvang	weerbare gemeenschappen tegen ondermijnende criminaliteit	Wet kwaliteitsborging bouw
1979	Eemsdelta	1	0	0	10511993	0	339782	0	0	0	0	0	0	580	0	0	36821	0	6372	0	68735	0	0	2370	0	0	0	0	0	0	0	0	0	0	283379	7062	0	0	429516	0	0	23000	95382	0	0	29912
14	Groningen	1	0	78225046	32127108	249703	1317312	473748	595530	629000	449767	0	0	8258	12389	185000	71726	0	33426	553998	52520	0	20000	7110	17593234	2512945	0	345035	136659	0	0	0	201876	0	703492	7062	30000	265650	418815	7213	400077	59000	410493	7725677	35000	146199
1966	Het Hogeland	1	0	0	8590298	0	215890	0	0	0	0	0	0	3767	0	0	37239	196122	6779	0	87669	0	0	11850	0	0	0	0	0	397208	0	0	0	0	400009	7062	0	0	371479	0	0	13000	108432	0	0	32379
1952	Midden-Groningen	1	0	0	12342859	0	379171	0	0	0	0	0	0	3622	0	0	39637	0	8640	0	2346	0	0	0	0	0	0	0	0	0	0	0	0	0	327426	7062	0	0	614845	0	0	35000	116082	0	0	33946
1895	Oldambt	1	0	0	14375671	0	245057	0	0	0	0	0	0	145	0	0	35462	0	5480	0	38175	0	0	2370	0	0	0	0	0	0	0	0	0	0	245950	7062	0	0	183383	0	0	16000	81641	0	0	24274
765	Pekela	1	0	0	5388589	0	102466	0	0	0	0	0	0	290	0	0	30607	0	1741	0	0	0	0	0	0	0	0	0	0	0	0	0	0	0	87333	7062	0	0	52534	0	0	2000	23878	0	0	9212
37	Stadskanaal	1	0	0	19680777	0	173366	0	0	0	0	0	0	1594	0	0	34248	0	4510	0	49732	0	0	2370	0	0	0	0	0	0	0	0	0	0	171442	7062	0	0	184356	0	0	6000	60237	0	0	18623
47	Veendam	1	0	0	10298624	0	184324	0	0	0	0	0	0	1449	0	0	33442	0	3876	0	68	0	0	0	0	0	0	0	0	0	0	0	0	0	138325	7062	0	0	228135	0	0	9000	49962	0	0	16822
1969	Westerkwartier	1	0	0	9303752	0	205532	0	0	0	0	0	0	2173	0	0	40186	0	9116	0	0	0	0	0	0	0	0	0	0	0	0	0	0	0	380646	7062	0	0	289577	0	0	16000	130023	0	0	36208
1950	Westerwolde	1	0	0	9576967	0	123265	0	0	0	0	2731401	0	435	0	0	33218	0	3725	0	174352	0	0	4740	0	0	0	0	0	0	0	0	0	0	241911	7062	0	0	129390	0	0	3000	62189	0	0	19035
59	Achtkarspelen	2	0	0	5430281	0	137548	0	0	0	0	0	0	580	0	0	33532	0	3951	0	578	0	0	0	0	0	0	0	0	0	0	0	0	0	153513	7062	0	0	146901	0	0	7000	56900	0	0	16245
60	Ameland	2	0	0	299632	0	5534	0	0	0	0	0	0	0	0	0	29040	0	539	0	0	0	0	0	0	0	0	0	0	0	0	0	0	0	72052	7062	0	0	22376	0	0	1000	7718	0	0	6626
1891	Dantumadiel	2	0	0	5819648	0	75643	0	0	0	0	0	0	580	0	0	31866	0	2694	0	0	0	0	0	0	0	0	0	0	0	0	0	0	0	122572	7062	0	0	67613	0	0	2000	37448	0	0	11853
1940	De Fryske Marren	2	0	0	3576929	0	178109	0	0	0	0	0	0	1014	0	0	37972	0	7298	0	43920	0	0	4740	0	0	0	0	0	0	0	0	0	0	343345	7062	0	0	307812	0	0	9000	110888	0	0	31741
72	Harlingen	2	0	0	2251679	0	84721	0	0	0	0	0	0	869	0	0	31283	0	2272	0	0	0	0	0	0	0	0	0	0	0	0	0	0	0	83650	7062	0	0	283101	0	0	6000	28071	0	0	11137
74	Heerenveen	2	0	0	9295360	0	198308	0	0	0	0	0	0	3187	0	0	37763	0	7248	0	1700	0	0	0	0	0	0	0	0	0	0	0	0	0	256765	7062	0	0	113941	0	0	16000	102574	0	0	30072
80	Leeuwarden	2	0	47999964	15534010	220610	767746	150000	499676	0	355328	0	0	5216	12389	0	51493	0	17836	142644	67239	0	20000	16590	14758097	2107986	178600	352035	136659	493820	0	0	223380	0	463813	7062	30000	271040	381574	0	400077	32000	258187	6915889	0	70331
1970	Noardeast-Fryslân	2	0	0	11647744	0	200625	0	0	0	0	0	0	1594	0	0	36801	0	6430	0	2176	0	0	0	0	0	0	0	0	0	0	0	0	0	341643	7062	0	0	52534	0	0	8000	104483	0	0	28011
85	Ooststellingwerf	2	0	0	3135931	0	111625	0	0	0	0	0	0	1159	0	0	33079	0	3626	0	0	0	0	0	0	0	0	0	0	0	0	0	0	6514	212385	7062	0	0	78315	0	0	5000	53890	0	0	18931
86	Opsterland	2	0	0	3897302	0	110317	0	0	0	0	0	0	435	0	0	33887	0	4218	0	7581	0	0	0	0	0	0	0	0	0	0	0	0	6514	223153	7062	0	0	142037	0	0	6000	63208	0	0	19867
88	Schiermonnikoog	2	0	0	11296	0	2017	0	0	0	0	0	0	0	0	0	28516	0	138	0	0	0	0	0	0	0	0	0	0	0	0	0	0	0	55272	7062	0	0	12161	0	0	0	1685	0	0	4660
90	Smallingerland	2	0	0	12497478	0	306281	0	0	0	0	0	0	1304	0	0	38765	0	7874	0	107249	0	0	0	0	0	0	0	0	0	0	0	0	0	228789	7062	0	0	177060	0	0	15000	104291	0	0	29470
1900	Súdwest-Fryslân	2	0	0	17061659	0	415016	0	0	0	0	0	0	3187	0	0	45081	0	12756	0	65675	0	20000	4740	0	0	0	0	0	0	0	0	0	0	528409	7062	0	0	344114	0	0	23000	200509	0	0	51488
93	Terschelling	2	0	0	230518	0	7632	0	0	0	0	0	0	0	0	0	29249	0	692	0	0	0	0	0	0	0	0	0	0	0	0	0	0	0	88583	7062	0	0	10215	0	0	0	10699	0	0	6524
737	Tytsjerksteradiel	2	0	0	3932904	0	98105	0	0	0	0	0	0	724	0	0	34305	0	4549	0	139679	0	0	4740	0	0	0	0	0	0	0	0	0	0	188466	7062	0	0	154198	0	0	9000	69581	0	0	18507
96	Vlieland	2	0	0	11296	0	2481	0	0	0	0	0	0	0	0	0	28565	0	181	0	0	0	0	0	0	0	0	0	0	0	0	0	0	0	55320	7062	0	0	10215	0	0	0	2804	0	0	4423
1949	Waadhoeke	2	0	0	6301009	0	189722	0	0	0	0	0	0	1304	0	0	36926	0	6557	0	55715	0	0	0	0	0	0	0	0	0	0	0	0	0	295702	7062	0	0	230611	0	0	9000	100762	0	0	27094
98	Weststellingwerf	2	0	0	5216275	0	96088	0	0	0	0	0	0	580	0	0	33203	0	3715	0	0	0	0	2370	0	0	0	0	0	0	0	0	0	6514	212212	7062	0	0	146901	0	0	7000	54431	0	0	19646
1680	Aa en Hunze	3	0	0	104424	0	72127	0	0	0	0	0	0	869	0	0	33067	0	3611	0	11796	0	0	11850	0	0	0	0	0	0	0	0	0	0	240170	7062	0	0	57398	0	0	8000	60895	0	0	17250
106	Assen	3	0	40178975	19789952	0	349949	150000	0	0	0	0	0	3477	0	0	41145	450843	9743	0	99363	0	20000	2370	4623130	660349	0	257026	0	0	0	0	168872	0	242155	7062	30000	197890	217433	0	0	16000	117583	0	0	34030
1681	Borger-Odoorn	3	0	0	5500830	0	92735	0	0	0	0	0	0	435	0	0	33104	0	3638	0	1768	0	0	4740	0	0	0	0	0	0	0	0	0	0	240028	7062	0	0	74423	0	0	4000	66636	0	0	17237
109	Coevorden	3	0	0	4731968	0	179145	0	0	0	0	0	0	3622	0	0	34911	0	5011	0	32328	0	0	0	0	0	0	0	0	0	0	0	0	0	274916	7062	0	0	189220	0	0	18000	74072	0	0	24302
1690	De Wolden	3	0	0	1063355	0	74826	0	0	0	0	0	0	1594	0	0	32876	0	3453	0	9654	0	0	0	0	0	0	0	0	0	0	0	0	13028	209962	7062	0	0	128903	0	0	7000	50026	0	0	18364
114	Emmen	3	0	15974951	26830658	149573	623547	150000	266701	0	476125	0	0	5216	0	0	48247	0	15266	82888	148211	0	20000	0	3200999	457217	0	0	136659	0	0	0	0	0	472309	7062	0	0	810875	0	400077	25000	199059	5051226	0	52992
118	Hoogeveen	3	0	0	20535462	0	288508	0	0	0	0	0	0	1883	0	0	38684	0	7921	0	34571	0	0	0	0	0	0	0	0	0	0	0	0	0	235229	7062	0	0	177060	0	0	21000	101966	0	0	29752
119	Meppel	3	0	0	8176103	0	146108	0	0	0	0	0	0	1449	0	0	34738	0	4978	0	0	0	0	0	0	0	0	0	0	0	0	0	0	6514	146344	7062	0	0	218893	0	0	9000	57894	0	0	19365
1731	Midden-Drenthe	3	0	0	185116	0	106037	0	0	0	0	0	0	869	0	0	34551	0	4770	0	4793	0	0	2370	0	0	0	0	0	0	0	0	0	13028	294436	7062	0	0	122093	0	0	11000	70744	0	0	23848
1699	Noordenveld	3	0	0	3463424	0	110944	0	0	0	0	0	0	1014	0	0	34148	0	4434	0	13767	0	0	0	0	0	0	0	0	0	0	0	0	0	213353	7062	0	0	125985	0	0	6000	57614	0	0	19428
1730	Tynaarlo	3	0	0	182742	0	98241	0	0	0	0	0	0	869	0	0	34662	0	4855	0	42322	0	0	0	0	0	0	0	0	0	0	0	0	0	190176	7062	0	0	50589	0	0	8000	68166	0	0	18484
1701	Westerveld	3	0	0	3208104	0	49011	0	0	0	0	0	0	145	0	0	31999	0	2788	0	16317	0	0	0	0	0	0	0	0	0	0	0	0	19542	227326	7062	0	0	39887	0	0	3000	47689	0	0	15402
141	Almelo	4	0	14889901	12903890	0	496548	0	0	0	343916	0	0	3042	0	0	41944	0	10379	296468	39160	0	0	7110	3018261	431116	0	0	0	0	0	0	0	0	245264	7062	30000	0	256348	2404	0	17000	132381	0	0	39780
147	Borne	4	0	0	2974981	0	68038	0	0	0	0	0	0	2173	0	0	32745	0	3442	0	0	0	0	0	0	0	0	0	0	0	0	0	0	0	104285	7062	0	0	0	0	0	4000	38198	0	0	13026
148	Dalfsen	4	0	0	3259722	0	67547	0	0	0	0	0	0	1449	0	0	33718	0	4156	0	2516	0	0	7110	0	0	0	0	0	0	0	0	0	0	190494	7062	0	0	48643	0	0	5000	49938	0	0	20472
150	Deventer	4	0	19746607	18941406	0	544305	150000	0	0	327498	0	0	5650	0	0	47170	0	14426	235941	50990	0	20000	26070	3845636	549295	0	0	0	0	0	0	0	0	348459	7062	0	0	258780	0	0	27000	173806	0	0	49999
1774	Dinkelland	4	0	0	2282791	0	68147	0	0	0	0	0	0	1449	0	0	33291	0	3754	0	0	0	0	0	0	0	0	0	0	0	0	0	0	0	189277	7062	0	0	63236	0	0	5000	42021	0	0	19281
153	Enschede	4	0	38356791	28256033	227505	1176902	404571	567020	0	400083	0	0	9562	0	0	58049	0	22631	793023	12340	0	20000	4740	9038842	1291071	0	360036	136659	0	0	0	216359	0	494744	7062	30000	277200	330285	6412	400077	28000	285440	7280508	0	83184
158	Haaksbergen	4	0	0	2557871	0	71963	0	0	0	0	0	0	1304	0	0	32849	0	3439	0	918	0	0	0	0	0	0	0	0	0	0	0	0	0	146139	7062	0	0	40860	0	0	4000	36443	0	0	17055
160	Hardenberg	4	0	0	9857022	0	197327	0	0	0	0	0	0	3332	0	0	39754	0	8774	0	51602	0	0	0	0	0	0	0	0	0	0	0	0	6514	347924	7062	0	0	261698	0	0	17000	115711	0	0	37111
163	Hellendoorn	4	0	0	4056160	0	106446	0	0	0	0	0	0	1594	0	0	35025	0	5090	0	3739	0	0	0	0	0	0	0	0	0	0	0	0	6514	192113	7062	0	0	148847	0	0	6000	56411	0	0	21063
164	Hengelo	4	0	0	14427537	0	424748	0	0	0	361198	0	0	5505	0	0	43416	0	11553	74792	42798	0	20000	11850	0	0	0	0	0	0	0	0	0	0	262058	7062	30000	0	231540	0	0	19000	129634	0	0	42144
1735	Hof van Twente	4	0	0	2976402	0	108190	0	0	0	0	0	0	2318	0	0	34860	0	4976	0	10402	0	0	0	0	0	0	0	0	0	0	0	0	0	229578	7062	0	0	133768	0	0	7000	52254	0	0	25723
166	Kampen	4	0	0	6109945	0	216326	0	0	0	0	0	0	2463	0	0	38474	0	7806	0	11184	0	0	0	0	0	0	0	0	0	0	0	0	0	240063	7062	0	0	251483	0	0	13000	99659	0	0	28234
168	Losser	4	0	0	3316999	0	94997	0	0	0	0	0	0	1159	0	0	32600	0	3279	0	0	0	0	7110	0	0	0	0	0	0	0	0	0	0	140180	7062	0	0	84638	0	0	3000	36565	0	0	14410
173	Oldenzaal	4	0	0	7132688	0	135204	0	0	0	0	0	0	1594	0	0	34239	0	4481	0	0	0	0	7110	0	0	0	0	0	0	0	0	0	0	119769	7062	0	0	71505	0	0	5000	46795	0	0	17719
1773	Olst-Wijhe	4	0	0	2287571	0	58389	0	0	0	0	0	0	1014	0	0	31758	0	2622	0	14889	0	0	0	0	0	0	0	0	0	0	0	0	19542	136838	7062	0	0	25294	0	0	5000	31070	0	0	13348
175	Ommen	4	0	0	3144436	0	66784	0	0	0	0	0	0	1449	0	0	31745	0	2661	0	15093	0	0	0	0	0	0	0	0	0	0	0	0	6514	172579	7062	0	0	15566	0	0	8000	38689	0	0	15457
177	Raalte	4	0	0	4753110	0	113833	0	0	0	0	0	0	1739	0	0	35394	0	5404	0	272	0	0	2370	0	0	0	0	0	0	0	0	0	0	215061	7062	0	0	125985	0	0	9000	62461	0	0	24341
1742	Rijssen-Holten	4	0	0	3191373	0	110398	0	0	0	0	0	0	2173	0	0	35448	0	5403	0	2040	0	0	0	0	0	0	0	0	0	0	0	0	0	174195	7062	0	0	50102	0	0	9000	65626	0	0	20196
180	Staphorst	4	0	0	1292375	0	46395	0	0	0	0	0	0	724	0	0	31553	0	2474	0	0	0	0	7110	0	0	0	0	0	0	0	0	0	13028	145106	7062	0	0	90962	0	0	4000	35249	0	0	12664
1708	Steenwijkerland	4	0	0	7366826	0	169686	0	0	0	0	0	0	2028	0	0	36589	0	6369	0	0	0	0	0	0	0	0	0	0	0	0	0	0	0	293984	7062	0	0	157603	0	0	7000	94208	0	0	26455
183	Tubbergen	4	0	0	2456630	0	42197	0	0	0	0	0	0	1449	0	0	32307	0	3005	0	0	0	0	0	0	0	0	0	0	0	0	0	0	0	161167	7062	0	0	58371	0	0	3000	36418	0	0	17561
1700	Twenterand	4	0	0	7012549	0	129343	0	0	0	0	0	0	1449	0	0	34610	0	4754	0	1156	0	0	2370	0	0	0	0	0	0	0	0	0	0	169398	7062	0	0	93394	0	0	6000	58347	0	0	18418
189	Wierden	4	0	0	2358430	0	55608	0	0	0	0	0	0	1159	0	0	32906	0	3490	0	18220	0	0	0	0	0	0	0	0	0	0	0	0	0	141587	7062	0	0	57398	0	0	5000	41859	0	0	15915
1896	Zwartewaterland	4	0	0	1151538	0	70464	0	0	0	0	0	0	2028	0	0	32588	0	3280	0	0	0	0	7110	0	0	0	0	0	0	0	0	0	0	131338	7062	0	0	333690	0	0	3000	40327	0	0	14510
193	Zwolle	4	0	72456596	15324563	178695	626082	150000	384151	0	295526	0	0	6519	0	0	52490	126937	18585	207412	16827	0	20000	7110	10665180	1523370	0	280028	136659	0	0	0	184828	0	409222	7062	0	215600	400817	0	400077	26000	230194	6128877	0	64256
197	Aalten	5	0	0	7065373	0	80632	0	0	0	0	0	0	1739	0	0	33387	0	3824	0	0	0	0	2370	0	0	0	0	0	0	0	0	0	0	148370	7062	0	0	37455	0	0	5000	44984	0	0	18220
200	Apeldoorn	5	0	46684638	22624369	209407	732664	150000	474696	0	0	0	0	11300	0	0	58988	0	23467	75177	40112	0	20000	16590	4230876	604321	0	413041	136659	0	0	0	286747	82821	615017	7062	0	318010	179492	0	400077	30000	272355	5645319	0	80680
202	Arnhem	5	0	72417706	31600803	193490	1161882	374923	384383	0	309352	507363	0	3332	12389	162500	58550	0	23267	565178	143758	0	20000	2370	8477724	1210923	0	362036	136659	0	0	0	246851	0	482786	7062	30000	278740	226675	0	400077	29000	320023	8031746	35000	79475
203	Barneveld	5	0	0	2940841	0	160282	0	0	0	0	0	0	3187	0	0	39500	0	8654	0	0	0	0	0	0	0	0	0	0	0	0	0	0	400149	273481	7062	0	0	81720	0	0	12000	121345	0	0	36568
1945	Berg en Dal	5	0	0	4113052	0	124300	0	0	0	0	0	0	1159	0	0	34854	0	4972	0	28181	0	0	2370	0	0	0	0	0	0	0	0	0	0	162429	7062	0	0	148847	0	0	5000	58683	0	0	17787
1859	Berkelland	5	0	0	6376408	0	132233	0	0	0	0	0	0	2028	0	0	36497	31881	6179	0	2719	0	0	2370	0	0	0	0	0	0	0	0	0	0	274690	7062	0	0	173168	0	0	7000	74353	0	0	31047
209	Beuningen	5	0	0	3096129	0	73027	0	0	0	0	0	0	1159	0	0	33208	0	3730	0	0	0	0	2370	0	0	0	0	0	0	0	0	0	0	118164	7062	0	0	129876	0	0	7000	41275	0	0	14505
1876	Bronckhorst	5	0	0	4561998	0	93116	0	0	0	0	0	0	2318	0	0	35054	0	5092	0	8532	0	0	0	0	0	0	0	0	0	0	0	0	13028	269579	7062	0	0	128903	0	0	8000	61412	0	0	26593
213	Brummen	5	0	0	2236917	0	63949	0	0	0	0	0	0	724	0	0	32227	0	2962	0	0	0	0	2370	0	0	0	0	0	297737	0	0	0	0	126704	7062	0	0	37941	0	0	4000	31328	0	0	13854
214	Buren	5	0	0	2121439	0	88591	0	0	0	0	0	0	1014	0	0	33366	0	3891	0	0	0	0	0	0	0	0	0	0	0	0	0	0	6514	169203	7062	0	0	158576	0	0	3000	51941	0	0	16999
216	Culemborg	5	0	0	3878293	0	105928	0	0	0	0	0	0	1014	0	0	33759	0	4173	0	10402	0	0	2370	0	0	0	0	0	281176	0	0	0	0	118573	7062	0	0	68586	0	0	3000	45039	0	0	15848
221	Doesburg	5	0	0	1583046	0	55608	0	0	0	0	0	0	724	0	0	30401	0	1555	0	0	0	0	2370	0	0	0	0	0	0	0	0	0	0	64237	7062	0	0	20430	0	0	1000	16301	0	0	7938
222	Doetinchem	5	0	30110629	9115118	145493	277086	0	262211	0	0	0	0	2608	0	0	39180	0	8309	0	30900	0	0	9480	3913503	558989	0	0	136659	303978	0	0	0	31640	216045	7062	0	0	143983	0	400077	8000	92958	0	0	29616
225	Druten	5	0	0	2327007	0	56290	0	0	0	0	0	0	1304	0	0	31875	0	2738	0	0	0	0	0	0	0	0	0	0	0	0	0	0	0	98222	7062	0	0	152738	0	0	3000	29545	0	0	11922
226	Duiven	5	0	0	2084659	0	89027	0	0	0	0	0	0	1739	0	0	33005	0	3500	0	37665	0	0	0	0	0	0	0	0	0	0	0	0	13028	109498	7062	0	0	63236	0	0	9000	39200	0	0	14866
228	Ede	5	0	25531703	9413407	151666	410709	150000	267579	0	0	0	0	6375	0	0	50387	0	17126	58600	11116	0	20000	2370	3631978	518777	0	0	136659	0	0	0	0	230783	494599	7062	0	0	314719	0	400077	19000	207757	3063752	0	61977
230	Elburg	5	0	0	3703140	0	86193	0	0	0	0	0	0	1014	0	0	32700	0	3374	0	0	0	0	0	0	0	0	0	0	0	0	0	0	0	123238	7062	0	0	27240	0	0	5000	40531	0	0	12895
232	Epe	5	0	0	4375831	0	110671	0	0	0	0	0	0	1159	0	0	34517	0	4672	0	0	0	0	0	0	0	0	0	0	0	0	0	0	19542	194601	7062	0	0	72964	0	0	3000	54831	0	0	20088
233	Ermelo	5	0	0	3973403	0	73463	0	0	0	0	0	0	1014	0	0	33367	0	3859	0	0	0	0	2370	0	0	0	0	0	0	0	0	0	32570	143174	7062	0	0	53994	0	0	7000	45026	0	0	17102
243	Harderwijk	5	0	0	5497954	0	201716	0	0	0	0	0	0	3332	0	0	37405	0	6864	0	61392	0	0	4740	0	0	0	0	0	0	0	0	0	50251	169923	7062	0	0	175114	0	0	11000	77340	0	0	23582
244	Hattem	5	0	0	861637	0	31184	0	0	0	0	0	0	580	0	0	30617	0	1763	0	0	0	0	2370	0	0	0	0	0	0	0	0	0	6514	73930	7062	0	0	43779	0	0	4000	19272	0	0	8367
246	Heerde	5	0	0	2575784	0	45795	0	0	0	0	0	0	1014	0	0	31835	0	2697	0	0	0	0	4740	0	0	0	0	0	0	0	0	0	0	119451	7062	0	0	56912	0	0	3000	31826	0	0	11880
252	Heumen	5	0	0	1272134	0	45849	0	0	0	0	0	0	869	0	0	31424	0	2361	0	12204	0	0	0	0	0	0	0	0	0	0	0	0	0	93033	7062	0	0	90476	0	0	4000	25784	0	0	10705
1705	Lingewaard	5	0	0	4048715	0	131470	0	0	0	0	0	0	2753	0	0	37051	0	6628	0	0	0	0	11850	0	0	0	0	0	0	0	0	0	31640	177992	7062	0	0	160035	0	0	8000	68478	0	0	21867
262	Lochem	5	0	0	3011690	0	105928	0	0	0	0	0	0	1594	0	0	34657	0	4816	0	15671	0	0	2370	0	0	0	0	0	0	0	0	0	0	227313	7062	0	0	123066	0	0	10000	59446	0	0	24046
263	Maasdriel	5	0	0	1676704	0	71473	0	0	0	0	0	0	1594	0	0	33076	0	3652	0	0	0	0	2370	0	0	0	0	0	0	0	0	0	6514	129081	7062	0	0	62749	0	0	5000	44292	0	0	16198
1955	Montferland	5	0	0	4953995	0	128662	0	0	0	0	0	0	2028	0	0	35044	0	5177	0	0	0	0	0	0	0	0	0	0	0	0	0	0	13028	176462	7062	0	0	22376	0	0	8000	51717	0	0	21447
1740	Neder-Betuwe	5	0	0	1279376	0	91672	0	0	0	0	0	0	869	0	0	32927	0	3572	0	0	0	0	0	0	0	0	0	0	0	0	0	0	13028	124553	7062	0	0	119661	0	0	5000	52979	0	0	14181
267	Nijkerk	5	0	0	2231560	0	128117	0	0	0	0	0	0	1883	0	0	36452	0	6313	0	0	0	0	0	0	0	0	0	0	330169	0	0	0	63279	176630	7062	0	0	142523	0	0	12000	73037	0	0	22012
268	Nijmegen	5	0	60820208	25226216	167233	1018746	150000	288625	0	314536	0	0	9127	0	196250	61327	0	25613	605273	74752	0	20000	4740	10431739	1490026	0	284028	136659	510387	0	0	178595	0	499017	7062	30000	218680	410545	1603	400077	34000	307712	5990426	0	87254
302	Nunspeet	5	0	0	4045451	0	88319	0	0	0	0	0	0	1014	0	0	33554	0	4033	0	29846	0	0	11850	0	0	0	0	0	0	0	0	0	0	169074	7062	0	0	74423	0	0	6000	53912	0	0	15699
269	Oldebroek	5	0	0	2386728	0	69456	0	0	0	0	0	0	1014	0	0	32762	0	3406	0	0	0	0	2370	0	0	0	0	0	256127	0	0	0	6514	141821	7062	0	0	32104	0	0	7000	45436	0	0	14027
1586	Oost Gelre	5	0	0	6630910	0	69347	0	0	0	0	0	0	1014	0	0	33843	0	4189	0	13325	0	0	9480	0	0	0	0	0	0	0	0	0	0	161714	7062	0	0	125985	0	0	7000	45787	0	0	20735
1509	Oude IJsselstreek	5	0	0	5428727	0	176801	0	0	0	0	0	0	1304	0	0	35660	0	5560	0	0	0	0	0	0	0	0	0	0	0	0	0	0	0	199132	7062	0	0	130363	0	0	5000	60201	0	0	24368
1734	Overbetuwe	5	0	0	3890977	0	152650	0	0	0	0	0	0	1883	0	0	37310	0	6837	0	2448	0	0	0	0	0	0	0	0	0	0	0	0	26056	206611	7062	0	0	121121	0	0	13000	79835	0	0	25063
273	Putten	5	0	0	2184067	0	66784	0	0	0	0	0	0	869	0	0	32874	0	3496	0	0	0	0	2370	0	0	0	0	0	0	0	0	0	64210	136699	7062	0	0	121121	0	0	8000	40189	0	0	16755
274	Renkum	5	0	0	2538085	0	121356	0	0	0	0	0	0	1594	0	0	34186	0	4416	0	10572	0	0	2370	0	0	0	0	0	0	0	0	0	0	131623	7062	0	0	65668	0	0	4000	46674	0	0	16127
275	Rheden	5	0	0	6906326	0	220879	0	0	0	0	0	0	1304	0	0	36438	0	6115	0	37087	0	0	4740	0	0	0	0	0	0	0	0	0	0	179754	7062	0	0	106041	0	0	11000	67550	0	0	22540
277	Rozendaal	5	0	0	81320	0	2835	0	0	0	0	0	0	290	0	0	28664	0	246	0	0	0	0	0	0	0	0	0	0	0	0	0	0	0	50447	7062	0	0	0	0	0	0	3384	0	0	4268
279	Scherpenzeel	5	0	0	226745	0	27586	0	0	0	0	0	0	290	0	0	30227	0	1458	0	0	0	0	0	0	0	0	0	0	0	0	0	0	6514	63738	7062	0	0	9242	0	0	1000	17048	0	0	8143
281	Tiel	5	0	0	9154555	140518	219652	0	233579	0	0	0	0	1304	0	0	36139	0	5980	0	340	0	0	7110	0	0	0	0	136659	0	0	0	0	0	151502	7062	0	0	286020	0	400077	13000	67331	0	0	22939
285	Voorst	5	0	0	2466063	0	48902	0	0	0	0	0	0	1304	0	0	32953	0	3539	0	0	0	0	2370	0	0	0	0	0	0	0	0	0	57696	157522	7062	0	0	67613	0	0	7000	48796	0	0	17351
289	Wageningen	5	0	0	3943044	0	150714	0	0	0	0	0	0	1304	0	0	35714	0	5749	0	28690	0	0	0	0	0	0	0	0	0	0	0	0	0	146238	7062	0	0	23835	0	0	3000	49239	0	0	22139
1960	West Betuwe	5	0	0	3382851	0	141583	0	0	0	0	0	0	1449	0	0	37920	0	7400	0	0	0	0	2370	0	0	0	0	0	0	0	0	0	0	272975	7062	0	0	134741	0	0	15000	93754	0	0	28742
668	West Maas en Waal	5	0	0	1207445	0	62968	0	0	0	0	0	0	290	0	0	31985	0	2816	0	0	0	0	0	0	0	0	0	0	0	0	0	0	0	120113	7062	0	0	140091	0	0	4000	34751	0	0	13623
293	Westervoort	5	0	0	3146104	0	77960	0	0	0	0	0	0	290	0	0	31135	0	2121	0	0	0	0	0	0	0	0	0	0	0	0	0	0	0	71535	7062	0	0	44265	0	0	2000	23293	0	0	8938
296	Wijchen	5	0	0	4482652	0	153222	0	0	0	0	0	0	3332	0	0	36017	0	5830	0	0	0	0	0	0	0	0	0	0	0	0	0	0	6514	166563	7062	0	0	145928	0	0	10000	63772	0	0	22499
294	Winterswijk	5	0	0	6824252	0	102221	0	0	0	0	0	0	1594	0	0	33740	0	4106	0	55817	0	0	2370	0	0	0	0	0	0	0	0	0	0	175321	7062	0	0	230567	0	0	5000	50683	0	0	20910
297	Zaltbommel	5	0	0	3233026	0	97887	0	0	0	0	0	0	2173	0	0	33819	0	4260	0	4487	0	0	2370	0	0	0	0	0	0	0	0	0	0	146182	7062	0	0	220352	0	0	9000	53949	0	0	17116
299	Zevenaar	5	0	0	5218310	0	169686	0	0	0	0	0	0	1449	0	0	36544	0	6322	0	14549	0	0	2370	0	0	0	0	0	0	0	0	0	31640	188940	7062	0	0	133767	0	0	10000	72965	0	0	24439
301	Zutphen	5	0	0	10943259	0	258496	0	0	0	0	0	0	3042	0	0	37290	0	6809	0	57551	0	0	7110	0	0	0	0	0	0	0	0	0	0	170027	7062	0	0	124039	0	0	10000	77886	0	0	25527
307	Amersfoort	6	0	27298207	18624734	158461	707340	150000	275088	0	294662	0	0	2608	0	0	57627	174687	22564	128380	107283	0	20000	9480	4383662	626144	0	0	136659	276667	0	0	0	0	452009	7062	0	0	171709	0	400077	30000	267189	4425868	0	71688
308	Baarn	6	0	0	894200	0	76488	0	0	0	0	0	0	580	0	0	32954	0	3510	0	27943	0	0	2370	0	0	0	0	0	0	0	0	0	0	108941	7062	0	0	45238	0	0	7000	39086	0	0	14760
312	Bunnik	6	0	0	558639	0	33283	0	0	0	0	0	0	435	0	0	31196	0	2249	0	0	0	0	0	0	0	0	0	0	0	0	0	0	0	89615	7062	0	0	35509	0	0	3000	25558	0	0	9923
313	Bunschoten	6	0	0	1165024	0	61332	0	0	0	0	0	0	869	0	0	32438	0	3158	0	0	0	0	2370	0	0	0	0	0	0	0	0	0	0	101759	7062	0	0	52048	0	0	4000	35094	0	0	12103
310	De Bilt	6	0	0	1113232	0	155921	0	0	0	0	0	0	1883	0	0	36411	0	6160	0	0	0	0	0	0	0	0	0	0	0	0	0	0	0	172198	7062	0	0	35509	0	0	9000	73900	0	0	21492
736	De Ronde Venen	6	0	0	1970550	0	137385	0	0	0	0	0	0	2608	0	0	36660	0	6396	0	0	0	0	2370	0	0	0	0	0	0	0	0	0	0	194174	7062	0	0	190680	0	0	8000	79712	0	0	21831
317	Eemnes	6	0	0	267894	0	21098	0	0	0	0	0	0	145	0	0	30084	0	1347	0	0	0	0	4740	0	0	0	0	0	0	0	0	0	0	71008	7062	0	0	79288	0	0	4000	15502	0	0	7331
321	Houten	6	0	0	813221	0	131660	0	0	0	0	0	0	2608	0	0	37683	0	7100	0	0	0	0	4740	0	0	0	0	0	0	0	0	0	0	182464	7062	0	0	62263	0	0	9000	83445	0	0	23189
353	IJsselstein	6	0	0	2930756	0	139347	0	0	0	0	0	0	724	0	0	34633	0	4701	0	68	0	0	2370	0	0	0	0	0	0	0	0	0	0	123205	7062	0	0	41346	0	0	3000	49676	0	0	17054
327	Leusden	6	0	0	1594920	0	83140	0	0	0	0	0	0	290	0	0	34023	0	4417	0	31512	0	0	0	0	0	0	0	0	0	0	0	0	0	138329	7062	0	0	58858	0	0	4000	46087	0	0	16223
331	Lopik	6	0	0	858381	0	53973	0	0	0	0	0	0	869	0	0	31031	0	2064	0	0	0	0	2370	0	0	0	0	0	0	0	0	0	0	107093	7062	0	0	87557	0	0	2000	32522	0	0	10028
335	Montfoort	6	0	0	509205	0	39253	0	0	0	0	0	0	435	0	0	30927	0	1955	0	0	0	0	2370	0	0	0	0	0	0	0	0	0	0	84934	7062	0	0	113824	0	0	1000	22436	0	0	9378
356	Nieuwegein	6	0	0	3218880	0	288999	0	0	0	0	0	0	2753	0	0	40221	0	9183	0	0	0	0	4740	0	0	0	0	0	0	0	0	0	0	201371	7062	0	0	151279	0	0	15000	95051	0	0	31889
589	Oudewater	6	0	0	514278	0	41215	0	0	0	0	0	0	145	0	0	30228	0	1436	0	0	0	0	0	0	0	0	0	0	0	0	0	0	0	76786	7062	0	0	77342	0	0	2000	16085	0	0	8401
339	Renswoude	6	0	0	311184	0	11694	0	0	0	0	0	0	0	0	0	29376	0	807	0	0	0	0	0	0	0	0	0	0	0	0	0	0	13028	55005	7062	0	0	0	0	0	0	9834	0	0	6658
340	Rhenen	6	0	0	1513385	0	74417	0	0	0	0	0	0	1883	0	0	32100	0	2853	0	0	0	0	0	0	0	0	0	0	0	0	0	0	6514	102692	7062	0	0	51561	0	0	2000	37373	0	0	11876
342	Soest	6	0	0	3233098	0	188904	0	0	0	0	0	0	2028	0	0	37066	0	6659	0	544	0	0	7110	0	0	0	0	0	0	0	0	0	0	170292	7062	0	0	108473	0	0	5000	69775	0	0	22866
1904	Stichtse Vecht	6	0	0	3326937	0	196918	0	0	0	0	0	0	2173	0	0	40452	0	9232	0	0	0	0	18960	0	0	0	0	0	0	0	0	0	0	240971	7062	0	0	142037	0	0	14000	106785	0	0	28897
344	Utrecht	6	0	99740150	19972294	270060	1973488	951227	582831	0	0	0	998494	16081	12389	0	95177	223354	51645	907524	109255	0	50000	49770	25858716	3693552	0	710071	136659	562946	0	0	518448	0	967873	7062	50000	546700	430002	4809	400077	62000	608582	12822255	35000	191409
1581	Utrechtse Heuvelrug	6	0	0	1647890	0	140928	0	0	0	0	0	0	1739	0	0	37632	0	7078	0	42730	0	0	7110	0	0	0	0	0	0	0	0	0	0	223133	7062	0	0	127444	0	0	8000	85054	0	0	24798
345	Veenendaal	6	0	0	7910697	0	310097	0	0	0	0	0	0	5216	0	0	40787	0	9618	0	1938	0	0	0	0	0	0	0	0	0	0	0	0	0	206801	7062	0	0	81233	0	0	11000	109351	0	0	31881
1961	Vijfheerenlanden	6	0	0	4041308	0	228838	0	0	0	0	0	0	2898	0	0	39098	0	8429	0	1462	136010	0	9480	0	0	0	0	0	0	0	0	0	0	253848	7062	0	0	147874	0	0	9000	105280	0	0	27770
352	Wijk bij Duurstede	6	0	0	1350202	0	78151	0	0	0	0	0	0	435	0	0	32792	0	3368	0	0	0	0	2370	0	0	0	0	0	0	0	0	0	0	114526	7062	0	0	42806	0	0	3000	35483	0	0	13246
632	Woerden	6	0	0	6229006	0	175493	0	0	0	0	0	0	2898	0	0	38143	0	7473	0	0	0	0	7110	0	0	0	0	0	0	0	0	0	0	207008	7062	0	0	76856	0	0	10000	85883	0	0	25261
351	Woudenberg	6	0	0	483642	0	40561	0	0	0	0	0	0	145	0	0	30880	0	2015	0	0	0	0	0	0	0	0	0	0	0	0	0	0	6514	85399	7062	0	0	44265	0	0	4000	23421	0	0	9680
355	Zeist	6	0	0	6264068	0	340790	0	0	0	0	0	0	1594	0	0	40439	208206	9352	0	60270	0	0	0	0	0	0	0	0	0	0	0	0	0	217737	7062	0	0	154198	0	0	7000	107880	0	0	30690
358	Aalsmeer	7	0	0	905442	0	87665	0	0	0	0	0	0	724	0	0	34293	0	4641	0	374	0	0	0	0	0	0	0	0	0	0	0	0	0	121671	7062	0	0	139605	0	0	3000	46890	0	0	17876
361	Alkmaar	7	0	21345062	12871591	210775	512739	150000	479205	0	311944	0	0	7823	0	0	48781	0	15697	165775	0	79330	20000	2370	3597871	513905	0	327033	136659	0	0	0	234266	0	359429	7062	0	251790	151766	5610	400077	19000	175850	5726804	0	56877
362	Amstelveen	7	0	0	2576164	0	325634	0	0	0	0	0	0	6809	0	0	45235	0	13253	0	0	0	17500	0	0	0	0	0	0	0	0	0	0	0	280830	7062	0	0	99231	0	0	14000	141900	0	0	44948
363	Amsterdam	7	0	122779604	80056564	521777	6750659	2605874	1104923	0	0	0	2505751	54184	24778	0	194565	42477	128867	4209153	175202	54983	50000	260700	64893204	9269077	0	879088	136659	0	958000	215702	470264	0	2344676	7062	50000	676830	416382	15228	400077	235000	1658060	24338704	35000	696376
373	Bergen (NH.)	7	0	0	1438892	0	79160	0	0	0	0	0	0	869	0	0	33869	0	4230	0	2040	44793	0	0	0	0	0	0	0	0	0	0	0	0	156296	7062	0	0	39887	0	0	6000	36908	0	0	18447
375	Beverwijk	7	0	0	5417948	0	218998	0	0	0	0	0	0	3332	0	0	36129	0	5995	0	0	0	0	0	0	0	0	0	0	0	0	0	0	0	144069	7062	0	0	70532	0	0	13000	67195	0	0	25575
376	Blaricum	7	0	0	188054	0	40888	0	0	0	0	0	0	580	0	0	30566	0	1753	0	0	0	0	4740	0	0	0	0	0	0	0	0	0	0	67329	7062	0	0	0	0	0	0	21839	0	0	7968
377	Bloemendaal	7	0	0	995520	0	54218	0	0	0	0	0	0	3042	0	0	32709	0	3358	0	0	0	0	4740	0	0	0	0	0	0	0	0	0	0	110217	7062	0	0	10215	0	0	1000	39101	0	0	12224
383	Castricum	7	0	0	923254	0	73272	0	0	0	0	0	0	1304	0	0	35054	0	5101	0	0	20837	0	0	0	0	0	0	0	0	0	0	0	0	145297	7062	0	0	66154	0	0	4000	51171	0	0	17817
400	Den Helder	7	0	8307889	7734886	0	342235	0	0	0	0	0	0	2318	0	0	38866	0	7936	0	93686	43710	0	4740	1786882	255231	0	0	0	0	0	0	0	0	191540	7062	0	0	185815	0	0	8000	90209	1785422	0	31546
384	Diemen	7	0	0	2042580	0	127899	0	0	0	0	0	0	2173	0	0	34170	0	4602	0	0	0	0	2370	0	0	0	0	0	0	0	0	0	0	116671	7062	0	0	49129	3206	0	9000	43363	0	0	19993
1980	Dijk en Waard	7	0	0	6485736	0	313859	0	0	0	0	0	0	3767	0	0	44471	0	12490	0	55205	0	0	2370	0	0	0	0	0	0	0	0	0	0	278577	7062	0	0	267535	0	0	9000	135760	0	0	36780
498	Drechterland	7	0	0	1393024	0	60079	0	0	0	0	0	0	1014	0	0	32032	0	2861	0	0	51617	0	0	0	0	0	0	0	0	0	0	0	0	111805	7062	0	0	16052	0	0	2000	36795	0	0	12458
385	Edam-Volendam	7	0	0	1836727	0	92898	0	0	0	0	0	0	1014	0	0	35088	0	5160	0	0	51805	0	14220	0	0	0	0	0	0	0	0	0	0	148983	7062	0	0	64695	0	0	4000	55524	0	0	17856
388	Enkhuizen	7	0	0	1772131	0	88973	0	0	0	0	0	0	145	0	0	31809	0	2651	0	4079	11396	0	0	0	0	0	0	0	0	0	0	0	0	83606	7062	0	0	83179	0	0	3000	27445	0	0	12054
1942	Gooise Meren	7	0	0	1756796	0	184270	0	0	0	0	0	0	2463	0	0	39227	0	8469	0	0	0	0	0	0	0	0	0	0	0	0	0	0	0	198792	7062	0	0	85611	0	0	11000	104827	0	0	28172
392	Haarlem	7	0	47454528	18162842	173174	781376	150000	313979	0	287749	0	0	7389	0	0	58572	0	23215	313817	9654	0	20000	11850	7745734	1106369	0	285029	136659	0	0	0	185999	0	445434	7062	0	219450	88043	0	400077	15000	259778	7089195	0	89712
394	Haarlemmermeer	7	0	0	6220226	0	563441	150000	0	0	0	70542	0	8258	0	0	57688	0	22780	0	57313	0	20000	28440	0	0	0	0	0	0	0	0	0	0	527330	7062	0	0	1134350	0	0	31000	260363	0	0	71688
396	Heemskerk	7	0	0	4656732	0	191848	0	0	0	0	0	0	3622	0	0	35632	0	5535	0	0	0	0	0	0	0	0	0	0	0	0	0	0	0	140899	7062	0	0	10215	0	0	8000	58489	0	0	20754
397	Heemstede	7	0	0	1487760	0	52828	0	0	0	0	0	0	1883	0	0	33466	0	3899	0	0	0	0	7110	0	0	0	0	0	0	0	0	0	0	103185	7062	0	0	10215	0	0	2000	40826	0	0	15016
399	Heiloo	7	0	0	1074783	0	55199	0	0	0	0	0	0	1449	0	0	32833	0	3413	0	0	0	0	0	0	0	0	0	0	0	0	0	0	0	99919	7062	0	0	10215	0	0	4000	33009	0	0	13080
402	Hilversum	7	0	13494013	8069266	141457	409864	0	222005	0	0	0	0	3042	0	0	45311	0	13102	0	0	0	20000	2370	2287298	326708	0	128013	136659	0	0	0	0	0	280499	7062	0	98560	71991	0	400077	12000	155639	2982084	0	47540
1911	Hollands Kroon	7	0	0	3266940	0	181544	0	0	0	0	0	0	1594	0	0	37378	0	6938	0	0	54400	0	2370	0	0	0	0	0	0	0	0	0	0	340636	7062	0	0	489346	0	0	14000	89250	0	0	31126
405	Hoorn	7	0	11564919	6726726	0	383205	0	0	0	0	0	0	1594	0	0	42034	0	10557	0	0	14537	20000	11850	2259991	322808	0	0	0	0	0	0	0	0	223595	7062	0	0	104582	0	0	7000	115425	0	0	32985
406	Huizen	7	0	0	1814436	0	178164	0	0	0	0	0	0	1014	0	0	35985	0	5790	0	0	0	0	0	0	0	0	0	0	0	0	0	0	0	139192	7062	0	0	25781	0	0	4000	62109	0	0	20943
1598	Koggenland	7	0	0	696444	0	57571	0	0	0	0	0	0	1883	0	0	32609	0	3300	0	12476	68344	0	0	0	0	0	0	0	0	0	0	0	0	130886	7062	0	0	58371	0	0	3000	47108	0	0	13365
415	Landsmeer	7	0	0	184114	0	38871	0	0	0	0	0	0	724	0	0	30494	0	1643	0	748	25476	0	0	0	0	0	0	0	0	0	0	0	0	71517	7062	0	0	26267	0	0	1000	22208	0	0	7750
417	Laren	7	0	0	195032	0	41788	0	0	0	0	0	0	435	0	0	30463	0	1644	0	0	0	0	0	0	0	0	0	0	0	0	0	0	0	66188	7062	0	0	0	0	0	2000	16113	0	0	8404
420	Medemblik	7	0	0	2835574	0	163635	0	0	0	0	0	0	1739	0	0	36743	0	6461	0	3671	114792	0	0	0	0	0	0	0	0	0	0	0	0	206673	7062	0	0	116256	0	0	5000	79833	0	0	23405
431	Oostzaan	7	0	0	28479	0	36772	0	0	0	0	0	0	580	0	0	30145	0	1364	0	0	14751	0	0	0	0	0	0	0	0	0	0	0	0	60947	7062	0	0	29672	0	0	4000	15440	0	0	7046
432	Opmeer	7	0	0	381173	0	24588	0	0	0	0	0	0	580	0	0	30576	0	1710	0	0	35427	0	0	0	0	0	0	0	0	0	0	0	0	82778	7062	0	0	0	0	0	2000	20098	0	0	8984
437	Ouder-Amstel	7	0	0	264611	0	48848	0	0	0	0	0	0	580	0	0	30970	0	2004	0	4963	0	0	0	0	0	0	0	0	0	0	0	0	0	78542	7062	0	0	79774	0	0	5000	22816	0	0	9778
439	Purmerend	7	0	6304163	6976795	0	403377	0	0	0	0	0	0	3767	0	0	45414	0	13193	0	7343	79765	20000	2370	1499859	214234	0	0	0	0	0	0	0	0	307621	7062	0	0	126471	0	0	12000	132776	0	0	44136
441	Schagen	7	0	0	5262235	0	130515	0	0	0	0	0	0	1449	0	0	36997	0	6660	0	25121	101496	0	0	0	0	0	0	0	0	0	0	0	0	234910	7062	0	0	175114	0	0	8000	77591	0	0	28300
532	Stede Broec	7	0	0	2238795	0	89300	0	0	0	0	0	0	290	0	0	32387	0	3107	0	0	14294	0	0	0	0	0	0	0	0	0	0	0	0	92387	7062	0	0	21403	0	0	3000	29897	0	0	11955
448	Texel	7	0	0	2618917	0	53237	0	0	0	0	0	0	145	0	0	30883	0	1962	0	0	0	0	0	0	0	0	0	0	0	0	0	0	0	151237	7062	0	0	105068	0	0	1000	35115	0	0	13933
450	Uitgeest	7	0	0	899117	0	33120	0	0	0	0	0	0	435	0	0	30878	0	1891	0	0	19107	0	2370	0	0	0	0	0	0	0	0	0	0	74020	7062	0	0	10215	0	0	1000	19014	0	0	8628
451	Uithoorn	7	0	0	1380831	0	128062	0	0	0	0	0	0	2173	0	0	33961	0	4413	0	3025	0	0	0	0	0	0	0	0	0	0	0	0	0	116738	7062	0	0	55939	0	0	3000	46257	0	0	16642
453	Velsen	7	0	0	5954774	0	341390	0	0	0	0	0	0	1739	0	0	41104	0	9655	0	46231	0	20000	0	0	0	0	0	0	0	0	0	0	0	221264	7062	0	0	160035	0	0	22000	103370	0	0	34911
852	Waterland	7	0	0	556985	0	54872	0	0	0	0	0	0	724	0	0	31563	0	2472	0	4113	50358	0	2370	0	0	0	0	0	0	0	0	0	0	101461	7062	0	0	29186	0	0	1000	32621	0	0	10240
1696	Wijdemeren	7	0	0	573352	0	67466	0	0	0	0	0	0	580	0	0	32893	0	3461	0	0	0	0	2370	0	0	0	0	0	0	0	0	0	0	116078	7062	0	0	58858	0	0	1000	44027	0	0	13134
880	Wormerland	7	0	0	85438	0	64113	0	0	0	0	0	0	580	0	0	31381	0	2332	0	0	41308	0	0	0	0	0	0	0	0	0	0	0	0	91809	7062	0	0	65668	0	0	2000	26634	0	0	10677
479	Zaanstad	7	0	12960299	10050530	176222	961747	150000	319823	0	366383	0	0	6664	12389	83750	57523	0	22404	256374	374	0	20000	2370	2548339	363994	0	183018	136659	0	0	0	113443	0	455116	7062	30000	140910	301099	0	400077	24000	256943	4431407	0	69488
473	Zandvoort	7	0	0	788183	0	98623	0	0	0	0	0	0	869	0	0	31536	0	2462	0	0	0	0	2370	0	0	0	0	0	0	0	0	0	0	90763	7062	0	0	51075	0	0	3000	25552	0	0	12103
482	Alblasserdam	8	0	0	1518769	0	78996	0	0	0	0	0	0	1883	0	0	32088	0	2857	0	0	5147	0	0	0	0	0	0	0	0	0	0	0	0	85066	7062	0	0	85125	0	0	5000	35757	0	0	11361
613	Albrandswaard	8	0	0	208848	0	76543	0	0	0	0	0	0	1304	0	0	33144	0	3699	0	0	17400	0	0	0	0	0	0	0	0	0	0	0	0	106399	7062	0	0	10215	0	0	6000	42452	0	0	12645
484	Alphen aan den Rijn	8	0	0	15009422	0	380316	0	0	0	0	0	0	3187	0	0	49281	0	16027	0	0	0	17000	0	0	0	0	0	0	423374	0	0	0	0	373693	7062	0	0	194085	0	0	22000	171193	0	0	51495
489	Barendrecht	8	0	0	142397	0	150251	0	0	0	0	0	0	1014	0	0	37389	0	6851	0	7173	11688	0	4740	0	0	0	0	0	570000	0	0	0	0	159356	7062	0	0	45238	0	0	14000	73946	0	0	21043
1901	Bodegraven-Reeuwijk	8	0	0	1310302	0	103475	0	0	0	0	0	0	1594	0	0	34904	0	5096	0	30968	0	0	9480	0	0	0	0	0	0	0	0	0	0	159090	7062	0	0	63236	0	0	10000	68244	0	0	18176
502	Capelle aan den IJssel	8	0	0	6575580	0	462256	0	0	0	0	0	0	4057	0	0	40863	0	9482	0	3229	0	20000	0	0	0	0	0	0	0	0	0	0	0	201728	7062	0	0	9242	4809	0	9000	110090	0	0	32577
503	Delft	8	0	20776039	12984151	0	569111	150000	0	0	0	0	0	4491	12389	0	47607	0	14890	0	31002	0	20000	0	2653716	379046	0	0	0	0	0	0	0	0	299080	7062	0	0	86098	0	0	13000	147088	3648394	0	64316
505	Dordrecht	8	0	44431790	21636812	166099	729175	150000	281903	0	311080	0	0	11156	12389	0	50496	0	17044	525469	272	0	20000	4740	5427247	775205	0	254025	136659	274187	0	0	0	0	364963	7062	30000	195580	359470	0	400077	41000	206521	4279386	35000	61132
1924	Goeree-Overflakkee	8	0	0	6043834	0	162245	0	0	0	0	0	0	1594	0	0	37751	0	7241	0	0	301329	0	2370	0	0	0	0	0	146634	0	0	0	0	295102	7062	0	0	141064	0	0	7000	92680	0	0	28262
512	Gorinchem	8	0	0	7926135	124986	193538	0	170081	0	0	0	0	4057	0	0	35300	0	5398	0	26073	11276	0	0	0	0	0	0	136659	159769	0	0	0	0	133993	7062	0	0	98745	0	400077	11000	60513	0	0	19957
513	Gouda	8	0	18114787	10843061	142732	387076	0	208570	0	0	0	0	4926	0	0	42046	182219	10571	0	646	0	20000	2370	2178246	311132	0	0	136659	0	0	0	0	0	221661	7062	0	0	98258	0	400077	10000	118218	2541156	0	36380
523	Hardinxveld-Giessendam	8	0	0	99678	0	49230	0	0	0	0	0	0	1159	0	0	31767	0	2622	0	0	10821	0	0	0	0	0	0	0	0	0	0	0	0	85349	7062	0	0	165385	0	0	5000	30499	0	0	9965
531	Hendrik-Ido-Ambacht	8	0	0	1251309	0	112443	0	0	0	0	0	0	2463	0	0	34156	0	4517	0	680	5563	0	2370	0	0	0	0	0	0	0	0	0	0	114497	7062	0	0	151766	0	0	9000	53668	0	0	14668
534	Hillegom	8	0	0	2001444	0	65939	0	0	0	0	0	0	1159	0	0	32471	0	3152	0	0	0	0	0	0	0	0	0	0	0	0	0	0	0	92348	7062	0	0	37455	0	0	3000	30701	0	0	13039
1963	Hoeksche Waard	8	0	0	5325889	0	230774	0	0	0	0	0	0	3332	0	0	44718	0	12599	0	70536	294404	0	16590	0	0	0	0	0	153189	0	0	0	0	390306	7062	0	0	151765	0	0	16000	140265	0	0	38502
1884	Kaag en Braassem	8	0	0	80691	0	83412	0	0	0	0	0	0	1014	0	0	33465	0	4011	0	0	0	0	2370	0	0	0	0	0	0	0	0	0	0	133823	7062	0	0	44751	0	0	3000	51692	0	0	14656
537	Katwijk	8	0	0	7350138	0	212892	0	0	0	0	0	0	1883	0	0	40616	0	9349	0	128325	0	0	0	0	0	0	0	0	0	0	0	0	0	205057	7062	0	0	113824	0	0	9000	104596	0	0	30540
542	Krimpen aan den IJssel	8	0	0	2394737	0	127572	0	0	0	0	0	0	435	0	0	33813	0	4141	0	12646	4317	0	2370	0	0	0	0	0	0	0	0	0	0	106547	7062	0	0	103123	0	0	3000	46873	0	0	15218
1931	Krimpenerwaard	8	0	0	3588984	0	183180	0	0	0	0	0	0	3187	0	0	38873	0	8099	0	8566	127954	0	0	0	0	0	0	0	0	0	0	0	0	249728	7062	0	0	154198	0	0	9000	103398	0	0	25978
1621	Lansingerland	8	0	0	170089	0	219706	0	0	0	0	0	0	2028	0	0	40127	0	9089	0	6119	0	0	4740	0	0	0	0	0	0	0	0	0	0	215724	7062	0	0	68586	0	0	7000	110671	0	0	29553
546	Leiden	8	0	36227186	21998239	190119	594461	150000	368946	0	324042	0	0	5940	0	0	51421	0	17838	213580	15195	0	20000	7110	8042702	1148786	0	383038	136659	0	0	0	0	0	349256	7062	30000	294910	117229	0	400077	12000	170987	6677150	0	76532
547	Leiderdorp	8	0	0	204079	0	80632	0	0	0	0	0	0	2028	0	0	33434	0	3882	0	0	0	0	0	0	0	0	0	0	0	0	0	0	0	104133	7062	0	0	19457	0	0	5000	39195	0	0	15811
1916	Leidschendam-Voorburg	8	0	0	3189160	0	376663	0	0	0	0	0	0	3477	0	0	42558	0	10913	0	0	0	20000	11850	0	0	0	0	0	0	0	0	0	0	235607	7062	0	0	41346	0	0	11000	124824	0	0	41271
553	Lisse	8	0	0	1850761	0	67984	0	0	0	0	0	0	1449	0	0	32617	0	3283	0	0	0	0	0	0	0	0	0	0	0	0	0	0	0	96085	7062	0	0	26267	0	0	1000	32273	0	0	13410
556	Maassluis	8	0	0	4886061	0	222814	0	0	0	0	0	0	1159	0	0	34586	0	4955	0	0	0	0	0	0	0	0	0	0	0	0	0	0	0	120931	7062	0	0	22862	0	0	5000	56379	0	0	17506
1842	Midden-Delfland	8	0	0	78318	0	53427	0	0	0	0	0	0	869	0	0	31954	0	2733	0	0	0	0	18960	0	0	0	0	0	0	0	0	0	0	103419	7062	0	0	38428	0	0	5000	35079	0	0	12099
1978	Molenlanden	8	0	0	1287004	0	105764	0	0	0	0	0	0	1449	0	0	36550	0	6338	0	0	174034	0	9480	0	0	0	0	0	0	0	0	0	0	236748	7062	0	0	204299	0	0	12000	90020	0	0	21761
569	Nieuwkoop	8	0	0	111544	0	73599	0	0	0	0	0	0	1014	0	0	33764	0	4135	0	0	0	0	0	0	0	0	0	0	0	0	0	0	0	143888	7062	0	0	35509	0	0	2000	50616	0	0	15090
1930	Nissewaard	8	0	15804689	10009883	0	542779	0	0	0	0	0	0	5795	0	0	44233	0	12188	0	0	75229	20000	2370	2639974	377083	0	0	0	0	0	0	0	0	279641	7062	0	0	85611	0	0	24000	144484	3250515	0	40219
575	Noordwijk	8	0	0	2716745	0	124300	0	0	0	0	0	0	2463	0	0	36537	0	6341	0	782	0	0	2370	0	0	0	0	0	0	0	0	0	0	171319	7062	0	0	36482	0	0	4000	61207	0	0	24104
579	Oegstgeest	8	0	0	857606	0	66239	0	0	0	0	0	0	1014	0	0	33004	0	3614	0	21994	0	0	0	0	0	0	0	0	0	0	0	0	0	97268	7062	0	0	10215	0	0	4000	40374	0	0	13305
590	Papendrecht	8	0	0	2013497	0	126372	0	0	0	0	0	0	1739	0	0	34326	0	4530	0	13529	2561	0	4740	0	0	0	0	0	0	0	0	0	0	114107	7062	0	0	177060	0	0	9000	46731	0	0	16538
1926	Pijnacker-Nootdorp	8	0	0	182742	0	178546	0	0	0	0	0	0	2028	0	0	38697	0	8095	0	2923	0	0	4740	0	0	0	0	0	0	0	0	0	0	189972	7062	0	0	31131	0	0	5000	94077	0	0	23209
597	Ridderkerk	8	0	0	206475	0	227421	0	0	0	0	0	0	3042	0	0	37023	0	6664	0	0	20068	0	2370	0	0	0	0	0	0	0	0	0	0	158277	7062	0	0	28213	0	0	13000	75006	0	0	23109
603	Rijswijk	8	0	0	2538507	0	380507	0	0	0	0	0	0	2898	0	0	38613	0	8140	0	0	0	0	11850	0	0	0	0	0	0	0	0	0	0	178575	7062	0	0	36969	0	0	11000	96806	0	0	32967
599	Rotterdam	8	0	118797209	55673898	550185	6291647	2111492	1466163	0	0	0	1579767	28686	12389	0	149530	0	93185	4407313	38956	5011	50000	26070	40912356	5843752	0	1005101	136659	0	0	0	603578	0	1748051	7062	50000	773850	2249243	30456	400077	317000	1383518	18160586	0	395508
606	Schiedam	8	0	0	10642619	0	560170	0	0	0	298118	0	0	4636	12389	0	43087	0	11317	316901	0	0	20000	4740	0	0	142000	0	0	0	0	0	0	0	235153	7062	0	0	138632	0	0	11000	134193	0	0	44384
518	's-Gravenhage	8	0	82963855	44850349	378014	4564334	1654253	820624	0	0	0	1151076	25788	12389	0	130317	6929	79000	2139274	42628	0	50000	33180	29810221	4257969	0	760076	136659	0	0	0	634685	0	1431719	7062	50000	585200	305963	4007	400077	62000	1087063	16248969	0	354117
610	Sliedrecht	8	0	0	2668816	0	122801	0	0	0	0	0	0	2318	0	0	33103	0	3675	0	5201	11863	0	0	0	0	0	0	0	0	0	0	0	0	101291	7062	0	0	148361	0	0	8000	43025	0	0	13831
1525	Teylingen	8	0	0	3335970	0	82703	0	0	0	0	0	0	1739	0	0	35371	0	5405	0	8022	0	0	2370	0	0	0	0	0	0	0	0	0	0	139227	7062	0	0	57885	0	0	6000	54990	0	0	18589
622	Vlaardingen	8	0	14362914	10218551	0	554691	0	0	0	0	0	0	3477	12389	0	42091	0	10538	0	0	0	20000	7110	2271543	324458	0	0	0	0	0	0	0	0	224808	7062	0	0	134741	0	0	23000	129789	2969597	0	38995
1992	Voorne aan Zee	8	0	0	282420	0	300665	0	0	0	0	0	0	3622	0	61250	98540	0	10379	0	0	119224	0	4740	0	0	0	0	0	0	0	0	0	0	274343	7062	0	0	69559	0	0	8000	109671	0	0	40524
626	Voorschoten	8	0	0	106798	0	89573	0	0	0	0	0	0	724	0	0	33113	0	3602	0	408	0	0	2370	0	0	0	0	0	0	0	0	0	0	99120	7062	0	0	10215	0	0	3000	37609	0	0	13727
627	Waddinxveen	8	0	0	2444223	0	98105	0	0	0	0	0	0	2463	0	0	34011	0	4576	0	3433	0	0	2370	0	0	0	0	0	0	0	0	0	0	124690	7062	0	0	32591	0	0	4000	51082	0	0	17127
629	Wassenaar	8	0	0	1163334	0	104892	0	0	0	0	0	0	1304	0	0	33355	0	3803	0	15807	0	0	0	0	0	0	0	0	0	0	0	0	0	123970	7062	0	0	57885	0	0	6000	41440	0	0	14523
1783	Westland	8	0	0	7730384	0	362488	150000	0	0	0	0	0	5216	0	0	49057	0	16126	0	0	0	20000	4740	0	0	0	0	0	0	0	0	0	0	351159	7062	0	0	151279	0	0	17000	161777	0	0	50260
637	Zoetermeer	8	0	0	8857608	174997	791489	150000	293113	0	0	0	0	5071	0	0	51640	309550	17825	104477	10368	0	20000	9480	0	0	0	0	136659	0	0	240000	0	0	355399	7062	0	0	89503	0	400077	14000	205340	0	0	57799
638	Zoeterwoude	8	0	0	26106	0	23552	0	0	0	0	0	0	290	0	0	29988	0	1325	0	0	0	0	0	0	0	0	0	0	0	0	0	0	0	65401	7062	0	0	52048	0	0	3000	15153	0	0	7801
1892	Zuidplas	8	0	0	2137134	0	141964	0	0	0	0	0	0	2608	0	0	36724	0	6594	0	0	0	0	4740	0	0	0	0	0	265721	0	0	0	0	175464	7062	0	0	138146	0	0	12000	81552	0	0	21062
642	Zwijndrecht	8	0	0	3943452	0	337110	0	0	0	0	0	0	4057	0	0	36670	0	6319	0	0	18531	0	4740	0	0	0	0	0	0	0	0	0	0	150650	7062	0	0	197490	0	0	17000	74358	0	0	24111
654	Borsele	9	0	0	1866443	0	62695	0	0	0	0	0	0	1739	0	0	32587	0	3251	0	0	131025	0	0	0	0	0	0	0	0	0	0	0	0	162413	7062	0	0	331744	0	0	8000	48131	0	0	18103
664	Goes	9	0	0	6611340	177693	151123	0	313002	0	0	0	0	3187	0	0	35521	0	5535	0	816	84102	20000	0	0	0	0	0	136659	376059	0	0	0	0	175684	7062	0	0	186302	0	400077	9000	62165	0	0	21931
677	Hulst	9	0	0	4405340	0	85865	0	0	0	0	0	0	724	0	0	33471	0	3873	0	714	179014	0	0	0	0	0	0	0	0	0	0	0	0	204683	7062	0	0	156630	0	0	5000	46365	0	0	18029
678	Kapelle	9	0	0	493618	0	43423	0	0	0	0	0	0	1014	0	0	30739	0	1832	0	0	33304	0	0	0	0	0	0	0	0	0	0	0	0	82542	7062	0	0	81720	0	0	4000	21513	0	0	9554
687	Middelburg	9	0	0	6186317	0	260459	150000	0	0	0	0	0	2318	0	0	37449	0	7012	0	21076	46475	20000	0	0	0	0	210021	0	0	0	0	0	0	177463	7062	0	161700	176087	0	0	6000	83432	0	0	26114
1695	Noord-Beveland	9	0	0	570610	0	22489	0	0	0	0	0	0	435	0	0	29753	0	1103	0	0	83886	0	0	0	0	0	0	0	0	0	0	0	0	96088	7062	0	0	59831	0	0	1000	18318	0	0	9358
703	Reimerswaal	9	0	0	1501651	0	88319	0	0	0	0	0	0	1159	0	0	32601	0	3264	0	0	96318	0	0	0	0	0	0	0	0	0	0	0	0	141448	7062	0	0	106528	0	0	11000	48972	0	0	13637
1676	Schouwen-Duiveland	9	0	0	4653049	0	119067	0	0	0	0	0	0	1883	0	0	34678	0	4851	0	2550	240292	0	2370	0	0	0	0	0	0	0	0	0	0	236456	7062	0	0	133281	0	0	6000	64233	0	0	23961
1714	Sluis	9	0	0	2247203	0	66566	0	0	0	0	0	0	869	0	0	32651	0	3262	0	578	254175	0	2370	0	0	0	0	0	0	0	0	0	0	235579	7062	0	0	76369	0	0	4000	47020	0	0	21570
715	Terneuzen	9	0	0	9727695	0	251381	0	0	0	0	0	0	3477	0	0	38472	0	7719	0	2346	234605	0	0	0	0	0	0	0	0	0	0	0	0	296814	7062	0	0	423192	0	0	25000	96253	0	0	33386
716	Tholen	9	0	0	2416606	0	85457	0	0	0	0	0	0	1449	0	0	33194	0	3765	0	4045	146835	0	4740	0	0	0	0	0	0	0	0	0	0	174151	7062	0	0	35509	0	0	3000	50672	0	0	15708
717	Veere	9	0	0	1353015	0	43587	0	0	0	0	0	0	1014	0	0	32426	0	3094	0	0	137584	0	0	0	0	0	0	0	0	0	0	0	0	155138	7062	0	0	44751	0	0	2000	39334	0	0	16995
718	Vlissingen	9	7000000	40139070	8243942	0	280385	0	0	0	0	0	0	3332	0	0	36593	0	6337	0	306	34108	0	0	6990649	998515	0	0	0	0	0	0	0	0	158409	7062	0	0	308395	0	0	12000	78661	4315717	0	28428
1723	Alphen-Chaam	10	0	0	502380	0	29440	0	0	0	0	0	0	145	0	0	30272	0	1469	0	0	0	0	0	0	0	0	0	0	0	0	0	0	0	106043	7062	0	0	0	0	0	3000	21230	0	0	11181
1959	Altena	10	0	0	3766736	0	164426	0	0	0	0	0	0	2028	0	0	38823	0	8102	0	0	0	0	0	0	0	0	0	0	0	0	0	0	0	276539	7062	0	0	432434	0	0	9000	101467	0	0	25871
743	Asten	10	0	0	1730323	0	43342	0	0	0	0	0	0	869	0	0	31471	0	2420	0	0	0	0	0	0	0	0	0	0	0	0	0	0	26056	110284	7062	0	0	32591	0	0	5000	23291	0	0	13912
744	Baarle-Nassau	10	0	0	23733	0	22788	0	0	0	0	0	0	290	0	0	29626	0	992	0	0	0	0	0	0	0	0	0	0	0	0	0	0	0	88902	7062	0	0	29186	0	0	1000	12907	0	0	10304
1724	Bergeijk	10	0	0	2366497	0	44078	0	0	0	0	0	0	869	0	0	31831	0	2680	0	0	0	0	0	0	0	0	0	0	0	0	0	0	0	131129	7062	0	0	16052	0	0	4000	30794	0	0	14202
748	Bergen op Zoom	10	0	14571333	12285745	0	398852	0	0	0	0	0	0	3912	0	0	40899	0	9666	0	0	0	0	2370	3051283	435833	0	0	0	0	0	0	0	0	239760	7062	0	0	130849	0	0	26000	115633	0	0	36399
1721	Bernheze	10	0	0	5039998	0	77197	0	0	0	0	0	0	1594	0	0	34193	0	4528	0	0	0	0	0	0	0	0	0	0	0	0	0	0	0	156837	7062	0	0	57398	0	0	8000	48019	0	0	20443
753	Best	10	0	0	3696005	0	88537	0	0	0	0	0	0	1739	0	0	33962	0	4337	0	0	0	0	2370	0	0	0	0	0	0	0	0	0	0	123855	7062	0	0	27240	0	0	8000	42545	0	0	17469
1728	Bladel	10	0	0	5728479	0	43369	0	0	0	0	0	0	580	0	0	32161	0	2949	0	0	0	0	0	0	0	0	0	0	0	0	0	0	6514	122069	7062	0	0	81720	0	0	5000	31928	0	0	15866
755	Boekel	10	0	0	1419056	0	22897	0	0	0	0	0	0	145	0	0	30381	0	1567	0	0	0	0	0	0	0	0	0	0	0	0	0	0	0	76631	7062	0	0	0	0	0	1000	19993	0	0	10710
757	Boxtel	10	0	0	9385650	0	122746	0	0	0	0	0	0	1449	0	0	34475	0	4737	0	10504	0	0	0	0	0	0	0	0	0	0	0	0	0	149379	7062	0	0	41833	0	0	10456	48428	0	0	18320
758	Breda	10	0	36476586	25527018	231951	862334	150000	530202	0	381937	0	0	8548	12389	140000	62586	0	26168	436799	28045	0	20000	11850	6204361	886205	0	0	136659	490082	0	0	0	0	547441	7062	25000	0	319097	0	400077	36000	287612	7968249	0	91152
1706	Cranendonck	10	0	0	2290987	0	65803	0	0	0	0	785055	0	724	0	0	32249	0	2927	0	71828	0	0	0	0	0	0	0	0	574671	0	0	0	32570	122321	7062	0	0	100204	0	0	4000	34051	0	0	14078
762	Deurne	10	0	0	4432658	0	102929	0	0	0	0	0	0	2173	0	0	34376	0	4629	0	0	0	0	0	0	0	0	0	0	0	0	0	0	70724	173014	7062	0	0	65668	0	0	11000	47296	0	0	23908
766	Dongen	10	0	0	1597799	0	83739	0	0	0	0	0	0	1739	0	0	33247	0	3818	0	0	0	0	0	0	0	0	0	0	0	0	0	0	0	112473	7062	0	0	40860	0	0	4000	37424	0	0	15559
1719	Drimmelen	10	0	0	1573650	0	55172	0	0	0	0	0	0	1594	0	0	33425	0	3929	0	0	0	0	7110	0	0	0	0	0	0	0	0	0	0	149182	7062	0	0	76369	0	0	3000	37436	0	0	15609
770	Eersel	10	0	0	2944117	0	44486	0	0	0	0	0	0	869	0	0	31975	0	2808	0	0	0	0	0	0	0	0	0	0	0	0	0	0	0	123439	7062	0	0	94853	0	0	4000	33382	0	0	14416
772	Eindhoven	10	0	51734987	38208935	207521	1280785	550226	401215	0	329226	0	448304	16516	12389	0	72176	0	34210	422920	22878	0	20000	4740	11610051	1658332	0	415042	136659	0	0	0	0	0	665465	7062	30000	319550	304017	3206	400077	37000	366659	7391750	35000	129130
777	Etten-Leur	10	0	0	6354150	0	178164	0	0	0	0	0	0	2318	0	0	36502	0	6257	0	680	0	0	0	0	0	0	0	0	0	0	0	0	0	168200	7062	0	0	98258	0	0	13000	68991	0	0	25264
779	Geertruidenberg	10	0	0	2273891	0	86138	0	0	0	0	0	0	2318	0	0	32392	0	3102	0	0	0	0	2370	0	0	0	0	0	0	0	0	0	0	98766	7062	0	0	176573	0	0	7000	31117	0	0	13917
1771	Geldrop-Mierlo	10	0	0	1945583	0	161182	0	0	0	0	0	0	1449	0	0	35794	0	5676	0	1666	0	0	4740	0	0	0	0	0	0	0	0	0	0	145322	7062	0	0	90962	0	0	7000	57088	0	0	20122
1652	Gemert-Bakel	10	0	0	4914937	0	107754	0	0	0	0	0	0	1594	0	0	34064	0	4405	0	0	0	0	0	0	0	0	0	0	0	0	0	0	25126	171827	7062	0	0	110419	0	0	12000	52593	0	0	22018
784	Gilze en Rijen	10	0	0	2037666	0	114869	0	0	0	0	636291	0	869	0	0	33313	0	3764	0	118365	0	0	0	0	0	0	0	0	0	0	0	0	0	130773	7062	0	0	0	0	0	6000	43327	0	0	16615
785	Goirle	10	0	0	2689529	0	62777	0	0	0	0	0	0	2318	0	0	32798	0	3393	0	5099	0	0	4740	0	0	0	0	0	0	0	0	0	0	112502	7062	0	0	58371	0	0	4000	36507	0	0	13759
1655	Halderberge	10	0	0	5904790	0	137494	0	0	0	0	0	0	2753	0	0	34002	0	4357	0	0	0	0	2370	0	0	0	0	0	0	0	0	0	0	145791	7062	0	0	159548	0	0	7000	48746	0	0	19610
1658	Heeze-Leende	10	0	0	1190462	0	29767	0	0	0	0	0	0	435	0	0	31364	0	2334	0	0	0	0	0	0	0	0	0	0	0	0	0	0	26056	126689	7062	0	0	40860	0	0	3000	23040	0	0	12090
794	Helmond	10	0	20218432	18724438	146222	598605	0	247909	0	288613	0	0	4491	0	0	45569	0	13320	264084	20226	0	20000	2370	3042290	434548	0	0	136659	0	0	0	0	0	288305	7062	0	0	176573	2404	400077	22000	152339	2287469	0	45260
797	Heusden	10	0	0	3965442	0	128962	0	0	0	0	0	0	1159	0	0	36713	0	6433	0	0	0	0	2370	0	0	0	0	0	0	0	0	0	0	183722	7062	0	0	81720	0	0	9000	61900	0	0	22671
798	Hilvarenbeek	10	0	0	1476409	0	37399	0	0	0	0	0	0	580	0	0	31262	0	2239	0	0	0	0	4740	0	0	0	0	0	0	0	0	0	0	120242	7062	0	0	109933	0	0	4000	27091	0	0	13527
1659	Laarbeek	10	0	0	2617262	0	64822	0	0	0	0	0	0	869	0	0	32584	0	3265	0	0	0	0	7110	0	0	0	0	0	0	0	0	0	0	116834	7062	0	0	79288	0	0	3000	35276	0	0	15188
1982	Land van Cuijk	10	0	0	17018533	0	291833	0	0	0	0	0	0	3622	0	0	45117	0	12832	0	79001	0	0	0	0	0	0	0	0	406434	0	0	0	63279	433109	7062	0	0	602198	0	0	24000	141061	0	0	54749
809	Loon op Zand	10	0	0	3215125	0	70982	0	0	0	0	0	0	724	0	0	32714	0	3340	0	0	0	0	0	0	0	0	0	0	0	0	0	0	0	115267	7062	0	0	51561	0	0	5000	33766	0	0	13969
1991	Maashorst	10	0	0	10608129	0	211992	0	0	0	0	0	0	3477	0	0	39150	0	8272	0	0	0	0	0	0	0	0	0	0	0	0	0	0	0	246420	7062	0	0	325907	0	0	16000	89667	0	0	34608
1948	Meierijstad	10	0	0	16889148	0	246965	0	0	0	0	0	0	2318	0	0	43527	36649	11750	0	22198	0	0	7110	0	0	0	0	0	0	0	0	0	0	330960	7062	0	0	267049	0	0	17000	121762	0	0	48587
1709	Moerdijk	10	0	0	2927052	0	134931	0	0	0	0	0	0	2028	0	0	35259	0	5293	0	0	0	0	0	0	0	0	0	0	0	0	0	0	0	206915	7062	0	0	719913	0	0	29000	66440	0	0	30234
820	Nuenen, Gerwen en Nederwetten	10	0	0	1668225	0	75016	0	0	0	0	0	0	1159	0	0	32751	0	3371	0	0	0	0	0	0	0	0	0	0	0	0	0	0	0	107122	7062	0	0	0	0	0	3000	34465	0	0	13720
823	Oirschot	10	0	0	2793938	0	43178	0	0	0	0	0	0	435	0	0	31847	0	2697	0	32396	0	0	0	0	0	0	0	0	0	0	0	0	6514	131819	7062	0	0	58371	0	0	4000	29862	0	0	14848
824	Oisterwijk	10	0	0	4604594	0	77611	0	0	0	0	0	0	724	0	0	34364	0	4624	0	75771	0	0	7110	0	0	0	0	0	0	0	0	0	0	153364	7062	0	0	0	0	0	7227	44369	0	0	19305
826	Oosterhout	10	0	0	6981218	0	278068	0	0	0	0	0	0	2318	0	0	38796	0	8060	0	27569	0	0	2370	0	0	0	0	0	0	0	0	0	0	207743	7062	0	0	309855	0	0	13000	84588	0	0	32382
828	Oss	10	0	20109435	20111394	0	384623	0	0	0	0	0	0	3477	0	0	45551	0	13255	0	42934	0	20000	0	3183745	454753	0	0	0	0	0	0	0	0	345010	7062	0	0	334662	0	0	27000	149738	0	0	48642
1667	Reusel-De Mierden	10	0	0	2958665	0	36145	0	0	0	0	0	0	1159	0	0	30784	0	1901	0	0	0	0	0	0	0	0	0	0	0	0	0	0	6514	105373	7062	0	0	0	0	0	1000	24660	0	0	12420
1674	Roosendaal	10	0	0	15973754	0	438323	0	0	0	0	0	0	2463	12389	0	42700	0	10894	0	0	0	20000	4740	0	0	0	0	0	0	0	0	0	0	275050	7062	0	0	147388	0	0	24000	122384	0	0	41771
840	Rucphen	10	0	0	6909329	0	81559	0	0	0	0	0	0	435	0	0	32635	0	3318	0	2244	0	0	2370	0	0	0	0	0	0	0	0	0	0	122575	7062	0	0	46697	0	0	5000	33953	0	0	14258
796	's-Hertogenbosch	10	0	33780403	25365633	201908	694665	150000	459546	0	273923	0	0	9562	0	0	57260	0	22283	340803	56429	0	17000	7110	5177801	739576	0	326033	136659	0	0	0	869439	0	472126	7062	0	251020	302558	0	989664	35000	237372	6988371	0	75672
845	Sint-Michielsgestel	10	0	0	4547325	0	72727	0	0	0	0	0	0	1449	0	0	33829	0	4230	0	0	0	0	2370	0	0	0	0	0	0	0	0	0	0	135029	7062	0	0	15566	0	0	3000	45428	0	0	15607
847	Someren	10	0	0	1833509	0	54681	0	0	0	0	0	0	1883	0	0	31956	0	2816	0	2346	0	0	4740	0	0	0	0	0	0	0	0	0	96780	122332	7062	0	0	18971	0	0	6000	30149	0	0	16214
848	Son en Breugel	10	0	0	843207	0	51519	0	0	0	0	0	0	145	0	0	31607	0	2528	0	0	0	0	2370	0	0	0	0	0	0	0	0	0	0	88572	7062	0	0	38914	0	0	4000	26576	0	0	11597
851	Steenbergen	10	0	0	3007765	0	83957	0	0	0	0	0	0	1159	0	0	32864	0	3454	0	0	0	0	0	0	0	0	0	0	0	0	0	0	0	168611	7062	0	0	39887	0	0	5000	37860	0	0	15980
855	Tilburg	10	0	66945380	31946560	195306	1351090	150000	402742	0	501611	0	0	11011	12389	173750	69620	0	31961	826949	49698	0	20000	2370	8885938	1269231	0	599060	136659	347526	0	244000	523603	0	646974	7062	30000	461230	368712	4007	400077	48301	363786	6216323	0	124638
858	Valkenswaard	10	0	0	4023609	0	106310	0	0	0	0	0	0	1739	0	0	34149	0	4425	0	0	0	0	0	0	0	0	0	0	0	0	0	0	0	136591	7062	0	0	18971	0	0	4000	42213	0	0	18776
861	Veldhoven	10	0	0	4409769	0	133487	0	0	0	0	0	0	1449	0	0	36805	0	6515	0	7275	0	0	2370	0	0	0	0	0	0	0	0	0	0	160084	7062	0	0	103609	0	0	7000	61314	0	0	23924
865	Vught	10	0	0	5042822	0	78660	0	0	0	0	0	0	1304	0	0	34233	0	4507	0	0	0	0	0	0	0	0	0	0	0	0	0	0	0	140636	7062	0	0	0	0	0	8016	48514	0	0	16842
866	Waalre	10	0	0	1339007	0	49611	0	0	0	0	0	0	724	0	0	31606	0	2524	0	0	0	0	0	0	0	0	0	0	0	0	0	0	0	86617	7062	0	0	16052	0	0	2000	25618	0	0	10186
867	Waalwijk	10	0	0	6216224	0	189722	0	0	0	0	0	0	2173	0	0	37421	0	7011	0	0	0	0	2370	0	0	0	0	0	0	0	0	0	0	186044	7062	0	0	395466	0	0	17000	69027	0	0	28299
873	Woensdrecht	10	0	0	2536853	0	67657	0	0	0	0	0	0	869	0	0	32440	0	3115	0	8430	0	0	4740	0	0	0	0	0	0	0	0	0	6514	133486	7062	0	0	62749	0	0	6000	31717	0	0	14535
879	Zundert	10	0	0	2135042	0	70437	0	0	0	0	0	0	2173	0	0	32432	0	3161	0	0	0	0	4740	0	0	0	0	0	0	0	0	0	0	149768	7062	0	0	42319	0	0	3000	30825	0	0	16731
888	Beek	11	0	0	1275616	0	58934	0	0	0	0	0	0	869	0	0	31295	0	2264	0	0	0	0	0	0	0	0	0	0	0	0	0	0	0	81456	7062	0	0	51561	0	0	3000	21829	0	0	10855
1954	Beekdaelen	11	0	0	5397804	0	115441	0	0	0	0	0	0	3042	0	0	35050	0	5048	0	34911	0	0	4740	0	0	0	0	0	0	0	0	0	0	159697	7062	0	0	43292	0	0	8000	52444	0	0	17769
889	Beesel	11	0	0	1657505	0	58934	0	0	0	0	0	0	290	0	0	30844	0	1888	0	0	0	0	0	0	0	0	0	0	0	0	0	0	0	78549	7062	0	0	20430	0	0	4000	19489	0	0	9413
893	Bergen (L.)	11	0	0	2617174	0	41215	0	0	0	0	0	0	724	0	0	30781	0	1841	0	6731	0	0	0	0	0	0	0	0	0	0	0	0	19542	117480	7062	0	0	12161	0	0	4000	25284	0	0	10500
899	Brunssum	11	0	0	10776000	0	148833	0	0	0	0	0	0	869	0	0	33489	0	3885	0	0	0	0	2370	0	0	0	0	0	0	0	0	0	0	107257	7062	0	0	81233	0	0	3000	39109	0	0	17066
1711	Echt-Susteren	11	0	0	3740166	0	107618	0	0	0	0	0	0	2318	0	0	34248	0	4487	0	21382	0	0	0	0	0	0	0	0	0	0	0	0	0	163171	7062	0	0	161008	0	0	11000	45729	0	0	19278
1903	Eijsden-Margraten	11	0	0	1739402	0	50402	0	0	0	0	0	0	1159	0	0	33160	0	3648	0	32396	0	0	4740	0	0	0	0	0	0	0	0	0	25126	135255	7062	0	0	0	0	0	7000	50007	0	0	14358
907	Gennep	11	0	0	5568004	0	59697	0	0	0	0	0	0	1304	0	0	31511	0	2493	0	0	0	0	0	0	0	0	0	0	0	0	0	0	0	99324	7062	0	0	28213	0	0	3000	26594	0	0	13638
1729	Gulpen-Wittem	11	0	0	1968128	0	36254	0	0	0	0	0	0	869	0	0	30985	0	1995	0	0	0	0	2370	0	0	0	0	0	0	0	0	0	6514	104536	7062	0	0	0	0	0	1000	32500	0	0	10039
917	Heerlen	11	0	34122474	30130927	224564	769354	150000	444233	0	317129	0	0	4926	12389	83750	44511	0	12228	277192	43478	0	20000	9480	5846853	835140	187500	0	136659	454883	0	0	0	0	265163	7062	0	0	207705	0	400077	19000	157765	3116247	0	46726
1507	Horst aan de Maas	11	0	0	4255520	0	90772	0	0	0	0	0	0	869	0	0	36245	0	6125	0	12884	0	0	2370	0	0	0	0	0	0	0	0	0	51182	236646	7062	0	0	162953	0	0	10000	67682	0	0	29932
928	Kerkrade	11	0	0	19895474	0	321137	0	0	0	0	0	0	1449	0	0	36794	0	6403	0	0	0	0	4740	0	0	0	0	0	0	0	0	0	0	152962	7062	0	0	152252	0	0	6000	69825	0	0	26575
882	Landgraaf	11	0	0	11089035	0	220388	0	0	0	0	0	0	2028	0	0	35273	0	5218	0	4793	0	0	2370	0	0	0	0	0	0	0	0	0	0	134037	7062	0	0	75396	0	0	6000	55612	0	0	19623
1640	Leudal	11	0	0	3405596	0	90063	0	0	0	0	0	0	2173	0	0	35047	0	5073	0	35897	0	0	7110	0	0	0	0	0	0	0	0	0	19542	204845	7062	0	0	104582	0	0	8000	54601	0	0	24372
1641	Maasgouw	11	0	0	2455624	0	52828	0	0	0	0	0	0	1594	0	0	32797	0	3411	0	0	0	0	0	0	0	0	0	0	0	0	0	0	0	114246	7062	0	0	523396	0	0	5000	34029	0	0	14049
935	Maastricht	11	0	24729872	20842348	0	616868	324169	0	0	358855	0	0	7099	0	207500	50702	0	17227	230543	61936	0	20000	18960	6057283	865197	0	337034	0	0	0	0	0	0	356772	7062	30000	259490	368226	0	0	32000	159802	4136976	0	69873
938	Meerssen	11	0	0	2024949	0	41706	0	0	0	0	0	0	1449	0	0	31814	0	2611	0	0	0	0	2370	0	0	0	0	0	0	0	0	0	0	90467	7062	0	0	29672	0	0	5000	27449	0	0	10816
944	Mook en Middelaar	11	0	0	644612	0	19844	0	0	0	0	0	0	724	0	0	29814	0	1129	0	0	0	0	0	0	0	0	0	0	0	0	0	0	0	60006	7062	0	0	41833	0	0	2000	12488	0	0	6678
946	Nederweert	11	0	0	2802761	0	42742	0	0	0	0	0	0	1014	0	0	31536	0	2456	0	0	0	0	0	0	0	0	0	0	0	0	0	0	121906	126679	7062	0	0	86584	0	0	5000	27612	0	0	15754
1894	Peel en Maas	11	0	0	6653481	0	120621	0	0	0	0	0	0	1014	0	0	36463	0	6355	0	0	0	0	0	0	0	0	0	0	0	0	0	0	13028	225188	7062	0	0	147874	0	0	9000	70046	0	0	28804
1669	Roerdalen	11	0	0	3122568	0	65067	0	0	0	0	0	0	435	0	0	32170	0	2906	0	0	0	0	0	0	0	0	0	0	0	0	0	0	0	128196	7062	0	0	84638	0	0	4000	33444	0	0	12765
957	Roermond	11	0	0	12060184	142145	357963	0	222492	0	0	0	0	3477	0	0	39272	0	8419	0	7513	0	20000	0	0	0	0	0	136659	0	0	0	0	0	208110	7062	0	0	239323	0	400077	20000	99806	0	0	32915
965	Simpelveld	11	0	0	2379104	0	39689	0	0	0	0	0	0	145	0	0	30291	0	1459	0	0	0	0	0	0	0	0	0	0	0	0	0	0	0	64953	7062	0	0	13620	0	0	2000	14351	0	0	7867
1883	Sittard-Geleen	11	0	0	14842008	0	478393	150000	0	0	0	0	0	3622	0	0	45405	0	12946	176185	10368	0	20000	21330	0	0	0	0	0	0	0	0	0	0	295193	7062	0	0	213055	0	0	40000	134586	0	0	51804
971	Stein	11	0	0	2875185	0	60842	0	0	0	0	0	0	1014	0	0	32969	0	3477	0	1904	0	0	2370	0	0	0	0	0	0	0	0	0	0	102058	7062	0	0	149333	0	0	7000	29601	0	0	13212
981	Vaals	11	0	0	1676572	0	43778	0	0	0	0	0	0	1014	0	0	30218	0	1430	0	0	0	0	0	0	0	0	0	0	0	0	0	0	0	68637	7062	0	0	29186	0	0	1000	18172	0	0	8816
994	Valkenburg aan de Geul	11	0	0	1635290	0	47512	0	0	0	0	0	0	290	0	0	31387	0	2305	0	0	0	0	2370	0	0	0	0	0	0	0	0	0	0	90481	7062	0	0	31618	0	0	3000	23989	0	0	10991
983	Venlo	11	0	52140340	15683939	150637	587320	150000	276748	0	357742	0	316608	3332	0	0	47310	0	14503	424462	2957	0	20000	2370	8199426	1171172	0	278028	136659	428487	0	0	0	0	346309	7062	0	214060	347796	0	400077	40000	165735	5218462	0	61462
984	Venray	11	0	0	11037957	0	178409	0	0	0	0	0	0	2898	0	0	36473	0	6264	0	306	0	0	0	0	0	0	0	0	0	0	0	0	224269	225488	7062	0	0	379900	0	0	11000	72676	0	0	33844
986	Voerendaal	11	0	0	1038814	0	43069	0	0	0	0	0	0	435	0	0	30661	0	1741	0	0	0	0	0	0	0	0	0	0	0	0	0	0	0	78023	7062	0	0	16052	0	0	2000	19741	0	0	8498
988	Weert	11	0	0	8532405	0	201170	0	0	0	0	0	0	2608	0	0	37644	0	7140	0	0	0	0	0	0	0	0	0	0	0	0	0	0	6514	209307	7062	0	0	229108	0	0	14000	72831	0	0	30235
34	Almere	12	0	49902670	10753879	209102	1355311	150000	465504	0	0	0	0	9852	0	83750	68275	0	31276	457617	45959	0	20000	47400	8580906	1225661	0	267027	136659	0	0	0	138766	0	636976	7062	30000	205590	206245	0	400077	26000	396728	5978145	0	80167
303	Dronten	12	0	0	1996666	0	174430	0	0	0	0	0	0	580	0	0	36156	0	6119	0	132234	0	0	4740	0	0	0	0	0	0	0	0	0	6514	313851	7062	0	0	124039	0	0	11000	72716	0	0	25404
995	Lelystad	12	13534311	0	7518193	0	569656	150000	0	0	0	0	0	6664	0	0	43186	0	11655	463015	0	0	20000	9480	0	0	0	0	0	0	0	0	0	0	355894	7062	0	0	322502	0	0	15000	148526	0	0	37874
171	Noordoostpolder	12	0	0	6164906	0	258578	0	0	0	0	0	0	1883	0	0	37192	0	6980	0	100009	0	0	4740	0	0	0	0	0	0	0	0	0	0	394676	7062	0	0	385737	0	0	12000	91528	0	0	34112
184	Urk	12	0	0	1878910	0	51901	0	0	0	0	0	0	869	0	0	32291	0	3064	0	0	0	0	0	0	0	0	0	0	0	0	0	0	0	90977	7062	0	0	46211	0	0	4000	44916	0	0	9682
50	Zeewolde	12	0	0	477659	0	94207	0	0	0	0	0	0	1449	0	0	32598	174777	3325	0	25971	0	0	16590	0	0	0	0	0	0	0	0	0	0	219859	7062	0	0	93881	0	0	3000	39899	0	0	17155