CBS	Naam 	Prov	Beschermd wonen	Participatie	Voogdij/18+	CBS	aanpak laaggeletterdheid	armoedebestrijding kinderen	beeldende kunst en vormgeving	begeleiding jongeren naar werk	BRP: Centralisering Inschrijving Vergunninghouders	experiment gesloten coffeeshopketen	extra capaciteit BOA's	jeugd	jeugdhulp aan kinderen in een AZC	knelpunten verdeelproblematiek	LHBTI-beleid	maatschappelijke opvang	personen met verward gedrag	Regionale Energie Strategieën	slavernijverleden	Uitstapprogramma prostituees	veilig wonen	veilige steden	veiligheidshuizen	vergunningverlening, toezicht en handhaving	verkeersveiligheid	versterking arbeidsmarktregio's	versterking omgevingsveiligheidsdiensten	voorschoolse voorziening peuters	vrouwenopvang	Wet kwaliteitsborging bouw
1979	Eemsdelta	1	0	9379493	0	1979	0	339782	0	0	0	0	36821	0	110827	0	0	0	0	0	0	0	7062	0	0	429516	0	0	23000	97143	0	29912
14	Groningen	1	74156306	29170752	0	14	249703	1317312	473748	595530	0	185000	71726	553998	32330	0	20000	17593234	345035	0	0	201876	7062	30000	265650	418815	7213,37	400077	59000	415754	7725574	146199
1966	Het Hogeland	1	0	7796181	0	1966	0	215890	0	0	0	0	37239	0	91300	0	0	0	0	397208	0	0	7062	0	0	371479	0	0	13000	109116	0	32379
1952	Midden-Groningen	1	0	11358333	0	1952	0	379171	0	0	0	0	39637	0	11035	0	0	0	0	0	0	0	7062	0	0	614845	0	0	35000	115173	0	33946
1895	Oldambt	1	0	13030065	0	1895	0	245057	0	0	0	0	35462	0	16553	0	0	0	0	0	0	0	7062	0	0	183383	0	0	16000	82042	0	24274
765	Pekela	1	0	4953644	0	765	0	102466	0	0	0	0	30607	0	0	0	0	0	0	0	0	0	7062	0	0	52534	0	0	2000	24325	0	9212
37	Stadskanaal	1	0	17697239	0	37	0	173366	0	0	0	0	34248	0	74100	0	0	0	0	0	0	0	7062	0	0	184356	0	0	6000	60954	0	18623
47	Veendam	1	0	9303753	0	47	0	184324	0	0	0	0	33442	0	0	0	0	0	0	0	0	0	7062	0	0	228135	0	0	9000	50786	0	16822
1969	Westerkwartier	1	0	8329353	0	1969	0	205532	0	0	0	0	40186	0	0	0	0	0	0	0	0	0	7062	0	0	289577	0	0	16000	130736	0	36208
1950	Westerwolde	1	0	8463312	0	1950	0	123265	0	0	2571134	0	33218	0	136045	0	0	0	0	0	0	0	7062	0	0	129390	0	0	3000	63031	0	19035
59	Achtkarspelen	2	0	4920673	0	59	0	137548	0	0	0	0	33532	0	0	0	0	0	0	0	0	0	7062	0	0	146901	0	0	7000	57075	0	16245
60	Ameland	2	0	281497	0	60	0	5534	0	0	0	0	29040	0	0	0	0	0	0	0	0	0	7062	0	0	22376	0	0	1000	7766	0	6626
1891	Dantumadiel	2	0	5113350	0	1891	0	75643	0	0	0	0	31866	0	0	0	0	0	0	0	0	0	7062	0	0	67613	0	0	2000	37579	0	11853
1940	De Fryske Marren	2	0	3177498	0	1940	0	178109	0	0	0	0	37972	0	44184	0	0	0	0	0	0	0	7062	0	0	307812	0	0	9000	110810	0	31741
72	Harlingen	2	0	1949728	0	72	0	84721	0	0	0	0	31283	0	0	0	0	0	0	0	0	0	7062	0	0	283101	0	0	6000	28564	0	11137
74	Heerenveen	2	0	8332805	0	74	0	198308	0	0	0	0	37763	0	0	0	0	0	0	0	0	0	7062	0	0	113941	0	0	16000	102842	0	30072
80	Leeuwarden	2	45506450	13951926	0	80	220610	767746	150000	499676	0	0	51493	142644	49831	0	0	14758097	352035	493820	0	223380	7062	0	271040	381574	0	400077	32000	259045	6922398	70331
1970	Noardeast-Fryslân	2	0	10483975	0	1970	0	200625	0	0	0	0	36801	0	0	0	0	0	0	0	0	0	7062	0	0	52534	0	0	8000	105938	0	28011
85	Ooststellingwerf	2	0	2811915	0	85	0	111625	0	0	0	0	33079	0	0	0	0	0	0	0	0	0	7062	0	0	78315	0	0	5000	53957	0	18931
86	Opsterland	2	0	3312190	0	86	0	110317	0	0	0	0	33887	0	9613	0	0	0	0	0	0	0	7062	0	0	142037	0	0	6000	63932	0	19867
88	Schiermonnikoog	2	0	8597	0	88	0	2017	0	0	0	0	28516	0	0	0	0	0	0	0	0	0	7062	0	0	12161	0	0	0	1730	0	4660
90	Smallingerland	2	0	11150772	0	90	0	306281	0	0	0	0	38765	0	87032	0	0	0	0	0	0	0	7062	0	0	177060	0	0	15000	105134	0	29470
1900	Súdwest-Fryslân	2	0	15438459	0	1900	0	415016	0	0	0	0	45081	0	102163	0	0	0	0	0	0	0	7062	0	0	344114	0	0	23000	202760	0	51488
93	Terschelling	2	0	203496	0	93	0	7632	0	0	0	0	29249	0	0	0	0	0	0	0	0	0	7062	0	0	10215	0	0	0	10921	0	6524
737	Tytsjerksteradiel	2	0	3644233	0	737	0	98105	0	0	0	0	34305	0	176393	0	0	0	0	0	0	0	7062	0	0	154198	0	0	9000	68782	0	18507
96	Vlieland	2	0	8597	0	96	0	2481	0	0	0	0	28565	0	0	0	0	0	0	0	0	0	7062	0	0	10215	0	0	0	2817	0	4423
1949	Waadhoeke	2	0	5720745	0	1949	0	189722	0	0	0	0	36926	0	70867	0	0	0	0	0	0	0	7062	0	0	230611	0	0	9000	101181	0	27094
98	Weststellingwerf	2	0	4701500	0	98	0	96088	0	0	0	0	33203	0	0	0	0	0	0	0	0	0	7062	0	0	146901	0	0	7000	53804	0	19646
1680	Aa en Hunze	3	0	79978	0	1680	0	72127	0	0	0	0	33067	0	0	0	0	0	0	0	0	0	7062	0	0	57398	0	0	8000	61093	0	17250
106	Assen	3	38095377	17767337	0	106	0	349949	150000	0	0	0	41145	0	161305	0	0	4623130	257026	0	0	168872	7062	0	197890	217433	0	0	16000	117677	0	34030
1681	Borger-Odoorn	3	0	4786881	0	1681	0	92735	0	0	0	0	33104	0	0	0	0	0	0	0	0	0	7062	0	0	74423	0	0	4000	67915	0	17237
109	Coevorden	3	0	4171917	0	109	0	179145	0	0	0	0	34911	0	43495	0	0	0	0	0	0	0	7062	0	0	189220	0	0	18000	75109	0	24302
1690	De Wolden	3	0	976192	0	1690	0	74826	0	0	0	0	32876	0	0	0	0	0	0	0	0	0	7062	0	0	128903	0	0	7000	50385	0	18364
114	Emmen	3	15144042	24468496	0	114	149573	623547	150000	266701	0	0	48247	82888	176393	0	0	3200999	0	0	0	0	7062	0	0	810875	0	400077	25000	200954	5063799	52992
118	Hoogeveen	3	0	18726632	0	118	0	288508	0	0	0	0	38684	0	58841	0	0	0	0	0	0	0	7062	0	0	177060	0	0	21000	102724	0	29752
119	Meppel	3	0	7378480	0	119	0	146108	0	0	0	0	34738	0	0	0	0	0	0	0	0	0	7062	0	0	218893	0	0	9000	58288	0	19365
1731	Midden-Drenthe	3	0	141780	0	1731	0	106037	0	0	0	0	34551	0	3190	0	0	0	0	0	0	0	7062	0	0	122093	0	0	11000	69753	0	23848
1699	Noordenveld	3	0	3136877	0	1699	0	110944	0	0	0	0	34148	0	3621	0	0	0	0	0	0	0	7062	0	0	125985	0	0	6000	58187	0	19428
1730	Tynaarlo	3	0	139962	0	1730	0	98241	0	0	0	0	34662	0	60306	0	0	0	0	0	0	0	7062	0	0	50589	0	0	8000	65030	0	18484
1701	Westerveld	3	0	2881825	0	1701	0	49011	0	0	0	0	31999	0	0	0	0	0	0	0	0	0	7062	0	0	39887	0	0	3000	48526	0	15402
141	Almelo	4	14115428	11722898	0	141	0	496548	0	0	0	0	41944	296468	57418	0	0	3018261	0	0	0	0	7062	30000	0	256348	2404,46	0	17000	133596	0	39780
147	Borne	4	0	2629952	0	147	0	68038	0	0	0	0	32745	0	0	0	0	0	0	0	0	0	7062	0	0	0	0	0	4000	37674	0	13026
148	Dalfsen	4	0	2959840	0	148	0	67547	0	0	0	0	33718	0	0	0	0	0	0	0	0	0	7062	0	0	48643	0	0	5000	49943	0	20472
150	Deventer	4	18719522	17072338	0	150	0	544305	150000	0	0	0	47170	235941	86645	0	0	3845636	0	0	0	0	7062	0	0	258780	0	0	27000	173277	0	49999
1774	Dinkelland	4	0	2053823	0	1774	0	68147	0	0	0	0	33291	0	0	0	0	0	0	0	0	0	7062	0	0	63236	0	0	5000	42261	0	19281
153	Enschede	4	36361729	25540456	0	153	227505	1176902	404571	567020	0	0	58049	793023	16036	0	20000	9038842	360036	0	0	216359	7062	30000	277200	330285	6411,88	400077	28000	289802	7294462	83184
158	Haaksbergen	4	0	2274806	0	158	0	71963	0	0	0	0	32849	0	0	0	0	0	0	0	0	0	7062	0	0	40860	0	0	4000	36918	0	17055
160	Hardenberg	4	0	8949603	0	160	0	197327	0	0	0	0	39754	0	68755	0	0	0	0	0	0	0	7062	0	0	261698	0	0	17000	113977	0	37111
163	Hellendoorn	4	0	3675810	0	163	0	106446	0	0	0	0	35025	0	0	0	0	0	0	0	0	0	7062	0	0	148847	0	0	6000	56761	0	21063
164	Hengelo	4	0	13076290	0	164	0	424748	0	0	0	0	43416	74792	38106	0	20000	0	0	0	0	0	7062	0	0	231540	0	0	19000	130202	0	42144
1735	Hof van Twente	4	0	2664225	0	1735	0	108190	0	0	0	0	34860	0	0	0	0	0	0	0	0	0	7062	0	0	133768	0	0	7000	52413	0	25723
166	Kampen	4	0	5627289	0	166	0	216326	0	0	0	0	38474	0	8535	0	0	0	0	0	0	0	7062	0	0	251483	0	0	13000	98711	0	28234
168	Losser	4	0	2982338	0	168	0	94997	0	0	0	0	32600	0	0	0	0	0	0	0	0	0	7062	0	0	84638	0	0	3000	36476	0	14410
173	Oldenzaal	4	0	6448748	0	173	0	135204	0	0	0	0	34239	0	0	0	0	0	0	0	0	0	7062	0	0	71505	0	0	5000	47741	0	17719
1773	Olst-Wijhe	4	0	2063795	0	1773	0	58389	0	0	0	0	31758	0	2888	0	0	0	0	0	0	0	7062	0	0	25294	0	0	5000	31334	0	13348
175	Ommen	4	0	2752619	0	175	0	66784	0	0	0	0	31745	0	1810	0	0	0	0	0	0	0	7062	0	0	15566	0	0	8000	38022	0	15457
177	Raalte	4	0	4187111	0	177	0	113833	0	0	0	0	35394	0	0	0	0	0	0	0	0	0	7062	0	0	125985	0	0	9000	62452	0	24341
1742	Rijssen-Holten	4	0	2883692	0	1742	0	110398	0	0	0	0	35448	0	0	0	0	0	0	0	0	0	7062	0	0	50102	0	0	9000	67018	0	20196
180	Staphorst	4	0	1134875	0	180	0	46395	0	0	0	0	31553	0	0	0	0	0	0	0	0	0	7062	0	0	90962	0	0	4000	34917	0	12664
1708	Steenwijkerland	4	0	6521496	0	1708	0	169686	0	0	0	0	36589	0	0	0	0	0	0	0	0	0	7062	0	0	157603	0	0	7000	93494	0	26455
183	Tubbergen	4	0	2162612	0	183	0	42197	0	0	0	0	32307	0	0	0	0	0	0	0	0	0	7062	0	0	58371	0	0	3000	37103	0	17561
1700	Twenterand	4	0	6424251	0	1700	0	129343	0	0	0	0	34610	0	0	0	0	0	0	0	0	0	7062	0	0	93394	0	0	6000	59489	0	18418
189	Wierden	4	0	2104586	0	189	0	55608	0	0	0	0	32906	0	0	0	0	0	0	0	0	0	7062	0	0	57398	0	0	5000	42039	0	15915
1896	Zwartewaterland	4	0	1054714	0	1896	0	70464	0	0	0	0	32588	0	0	0	0	0	0	0	0	0	7062	0	0	333690	0	0	3000	40447	0	14510
193	Zwolle	4	68750308	13812322	0	193	178695	626082	150000	384151	0	0	52490	207412	0	0	20000	10665180	280028	0	0	184828	7062	0	215600	400817	0	400077	26000	228003	6129567	64256
197	Aalten	5	0	6388511	0	197	0	80632	0	0	0	0	33387	0	0	0	0	0	0	0	0	0	7062	0	0	37455	0	0	5000	45346	0	18220
200	Apeldoorn	5	44278263	20086657	0	200	209407	732664	150000	474696	0	0	58988	75177	50478	0	0	4230876	413041	0	0	286747	7062	0	318010	179492	0	400077	30000	269928	5649829	80680
202	Arnhem	5	68735286	28220512	0	202	193490	1161882	374923	384383	494705	162500	58550	565178	100266	0	0	8477724	362036	0	0	246851	7062	30000	278740	226675	0	400077	29000	321889	8043687	79475
203	Barneveld	5	0	2617925	0	203	0	160282	0	0	0	0	39500	0	0	0	0	0	0	0	0	0	7062	0	0	81720	0	0	12000	119996	0	36568
1945	Berg en Dal	5	0	3861832	0	1945	0	124300	0	0	0	0	34854	0	4052	0	0	0	0	0	0	0	7062	0	0	148847	0	0	5000	58315	0	17787
1859	Berkelland	5	0	5864920	0	1859	0	132233	0	0	0	0	36497	0	0	0	0	0	0	0	0	0	7062	0	0	173168	0	0	7000	74337	0	31047
209	Beuningen	5	0	2814488	0	209	0	73027	0	0	0	0	33208	0	0	0	0	0	0	0	0	0	7062	0	0	129876	0	0	7000	40942	0	14505
1876	Bronckhorst	5	0	4212271	0	1876	0	93116	0	0	0	0	35054	0	6854	0	0	0	0	0	0	0	7062	0	0	128903	0	0	8000	62341	0	26593
213	Brummen	5	0	2042550	0	213	0	63949	0	0	0	0	32227	0	0	0	0	0	0	297737	0	0	7062	0	0	37941	0	0	4000	31265	0	13854
214	Buren	5	0	2013629	0	214	0	88591	0	0	0	0	33366	0	0	0	0	0	0	0	0	0	7062	0	0	158576	0	0	3000	52872	0	16999
216	Culemborg	5	0	3488281	0	216	0	105928	0	0	0	0	33759	0	0	0	0	0	0	281176	0	0	7062	0	0	68586	0	0	3000	45369	0	15848
221	Doesburg	5	0	1425911	0	221	0	55608	0	0	0	0	30401	0	0	0	0	0	0	0	0	0	7062	0	0	20430	0	0	1000	16793	0	7938
222	Doetinchem	5	28544477	8296631	0	222	145493	277086	0	262211	0	0	39180	0	11380	0	0	3913503	0	303978	0	0	7062	0	0	143983	0	400077	8000	92791	0	29616
225	Druten	5	0	2073265	0	225	0	56290	0	0	0	0	31875	0	0	0	0	0	0	0	0	0	7062	0	0	152738	0	0	3000	29606	0	11922
226	Duiven	5	0	1887835	0	226	0	89027	0	0	0	0	33005	0	15562	0	0	0	0	0	0	0	7062	0	0	63236	0	0	9000	39192	0	14866
228	Ede	5	24225561	8503615	0	228	151666	410709	150000	267579	0	0	50387	58600	2931	0	20000	3631978	0	0	0	0	7062	0	0	314719	0	400077	19000	205077	3049618	61977
230	Elburg	5	0	3510101	0	230	0	86193	0	0	0	0	32700	0	0	0	0	0	0	0	0	0	7062	0	0	27240	0	0	5000	40542	0	12895
232	Epe	5	0	4000417	0	232	0	110671	0	0	0	0	34517	0	0	0	0	0	0	0	0	0	7062	0	0	72964	0	0	3000	54848	0	20088
233	Ermelo	5	0	3917342	0	233	0	73463	0	0	0	0	33367	0	0	0	0	0	0	0	0	0	7062	0	0	53994	0	0	7000	45046	0	17102
243	Harderwijk	5	0	4676556	0	243	0	201716	0	0	0	0	37405	0	90826	0	0	0	0	0	0	0	7062	0	0	175114	0	0	11000	78776	0	23582
244	Hattem	5	0	747372	0	244	0	31184	0	0	0	0	30617	0	0	0	0	0	0	0	0	0	7062	0	0	43779	0	0	4000	19197	0	8367
246	Heerde	5	0	2265267	0	246	0	45795	0	0	0	0	31835	0	0	0	0	0	0	0	0	0	7062	0	0	56912	0	0	3000	32012	0	11880
252	Heumen	5	0	1207026	0	252	0	45849	0	0	0	0	31424	0	0	0	0	0	0	0	0	0	7062	0	0	90476	0	0	4000	27166	0	10705
1705	Lingewaard	5	0	3716868	0	1705	0	131470	0	0	0	0	37051	0	0	0	0	0	0	0	0	0	7062	0	0	160035	0	0	8000	68369	0	21867
262	Lochem	5	0	2683036	0	262	0	105928	0	0	0	0	34657	0	0	0	0	0	0	0	0	0	7062	0	0	123066	0	0	10000	59971	0	24046
263	Maasdriel	5	0	1543830	0	263	0	71473	0	0	0	0	33076	0	0	0	0	0	0	0	0	0	7062	0	0	62749	0	0	5000	44275	0	16198
1955	Montferland	5	0	4332947	0	1955	0	128662	0	0	0	0	35044	0	0	0	0	0	0	0	0	0	7062	0	0	22376	0	0	8000	51446	0	21447
1740	Neder-Betuwe	5	0	1207324	0	1740	0	91672	0	0	0	0	32927	0	0	0	0	0	0	0	0	0	7062	0	0	119661	0	0	5000	51085	0	14181
267	Nijkerk	5	0	1892210	0	267	0	128117	0	0	0	0	36452	0	0	0	0	0	0	330169	0	0	7062	0	0	142523	0	0	12000	74098	0	22012
268	Nijmegen	5	57819032	22859126	0	268	167233	1018746	150000	288625	0	196250	61327	605273	76213	0	20000	10431739	284028	510387	0	178595	7062	0	218680	410545	1602,97	400077	34000	306752	5973621	87254
302	Nunspeet	5	0	3579477	0	302	0	88319	0	0	0	0	33554	0	10734	0	0	0	0	0	0	0	7062	0	0	74423	0	0	6000	53759	0	15699
269	Oldebroek	5	0	2028430	0	269	0	69456	0	0	0	0	32762	0	0	0	0	0	0	256127	0	0	7062	0	0	32104	0	0	7000	44334	0	14027
1586	Oost Gelre	5	0	5965931	0	1586	0	69347	0	0	0	0	33843	0	0	0	0	0	0	0	0	0	7062	0	0	125985	0	0	7000	46365	0	20735
1509	Oude IJsselstreek	5	0	4995040	0	1509	0	176801	0	0	0	0	35660	0	0	0	0	0	0	0	0	0	7062	0	0	130363	0	0	5000	61101	0	24368
1734	Overbetuwe	5	0	3509288	0	1734	0	152650	0	0	0	0	37310	0	0	0	0	0	0	0	0	0	7062	0	0	121121	0	0	13000	80227	0	25063
273	Putten	5	0	1998895	0	273	0	66784	0	0	0	0	32874	0	2371	0	0	0	0	0	0	0	7062	0	0	121121	0	0	8000	40046	0	16755
274	Renkum	5	0	2227210	0	274	0	121356	0	0	0	0	34186	0	8233	0	0	0	0	0	0	0	7062	0	0	65668	0	0	4000	45515	0	16127
275	Rheden	5	0	6214317	0	275	0	220879	0	0	0	0	36438	0	28709	0	0	0	0	0	0	0	7062	0	0	106041	0	0	11000	68029	0	22540
277	Rozendaal	5	0	65854	0	277	0	2835	0	0	0	0	28664	0	0	0	0	0	0	0	0	0	7062	0	0	0	0	0	0	3432	0	4268
279	Scherpenzeel	5	0	195602	0	279	0	27586	0	0	0	0	30227	0	0	0	0	0	0	0	0	0	7062	0	0	9242	0	0	1000	16746	0	8143
281	Tiel	5	0	8171133	0	281	140518	219652	0	233579	0	0	36139	0	1035	0	0	0	0	0	0	0	7062	0	0	286020	0	400077	13000	67984	0	22939
285	Voorst	5	0	2208164	0	285	0	48902	0	0	0	0	32953	0	0	0	0	0	0	0	0	0	7062	0	0	67613	0	0	7000	48656	0	17351
289	Wageningen	5	0	3569321	0	289	0	150714	0	0	0	0	35714	0	22329	0	0	0	0	0	0	0	7062	0	0	23835	0	0	3000	49056	0	22139
1960	West Betuwe	5	0	3034917	0	1960	0	141583	0	0	0	0	37920	0	0	0	0	0	0	0	0	0	7062	0	0	134741	0	0	15000	93632	0	28742
668	West Maas en Waal	5	0	1117238	0	668	0	62968	0	0	0	0	31985	0	0	0	0	0	0	0	0	0	7062	0	0	140091	0	0	4000	34445	0	13623
293	Westervoort	5	0	2736907	0	293	0	77960	0	0	0	0	31135	0	0	0	0	0	0	0	0	0	7062	0	0	44265	0	0	2000	23270	0	8938
296	Wijchen	5	0	4102228	0	296	0	153222	0	0	0	0	36017	0	0	0	0	0	0	0	0	0	7062	0	0	145928	0	0	10000	65071	0	22499
294	Winterswijk	5	0	6142679	0	294	0	102221	0	0	0	0	33740	0	98370	0	0	0	0	0	0	0	7062	0	0	230567	0	0	5000	51550	0	20910
297	Zaltbommel	5	0	3009382	0	297	0	97887	0	0	0	0	33819	0	0	0	0	0	0	0	0	0	7062	0	0	220352	0	0	9000	53907	0	17116
299	Zevenaar	5	0	4714628	0	299	0	169686	0	0	0	0	36544	0	8363	0	0	0	0	0	0	0	7062	0	0	133767	0	0	10000	73202	0	24439
301	Zutphen	5	0	10058164	0	301	0	258496	0	0	0	0	37290	0	68626	0	0	0	0	0	0	0	7062	0	0	124039	0	0	10000	78714	0	25527
307	Amersfoort	6	25971962	17117677	0	307	158461	707340	150000	275088	0	0	57627	128380	88455	0	0	4383662	0	276667	0	0	7062	0	0	171709	0	400077	30000	266770	4423219	71688
308	Baarn	6	0	796645	0	308	0	76488	0	0	0	0	32954	0	12199	0	0	0	0	0	0	0	7062	0	0	45238	0	0	7000	38882	0	14760
312	Bunnik	6	0	496242	0	312	0	33283	0	0	0	0	31196	0	0	0	0	0	0	0	0	0	7062	0	0	35509	0	0	3000	25158	0	9923
313	Bunschoten	6	0	1180462	0	313	0	61332	0	0	0	0	32438	0	0	0	0	0	0	0	0	0	7062	0	0	52048	0	0	4000	35121	0	12103
310	De Bilt	6	0	1002639	0	310	0	155921	0	0	0	0	36411	0	0	0	0	0	0	0	0	0	7062	0	0	35509	0	0	9000	73745	0	21492
736	De Ronde Venen	6	0	1744872	0	736	0	137385	0	0	0	0	36660	0	0	0	0	0	0	0	0	0	7062	0	0	190680	0	0	8000	78447	0	21831
317	Eemnes	6	0	273616	0	317	0	21098	0	0	0	0	30084	0	0	0	0	0	0	0	0	0	7062	0	0	79288	0	0	4000	15350	0	7331
321	Houten	6	0	699597	0	321	0	131660	0	0	0	0	37683	0	0	0	0	0	0	0	0	0	7062	0	0	62263	0	0	9000	84912	0	23189
353	IJsselstein	6	0	2543122	0	353	0	139347	0	0	0	0	34633	0	0	0	0	0	0	0	0	0	7062	0	0	41346	0	0	3000	50941	0	17054
327	Leusden	6	0	1435771	0	327	0	83140	0	0	0	0	34023	0	21510	0	0	0	0	0	0	0	7062	0	0	58858	0	0	4000	45527	0	16223
331	Lopik	6	0	803638	0	331	0	53973	0	0	0	0	31031	0	0	0	0	0	0	0	0	0	7062	0	0	87557	0	0	2000	32512	0	10028
335	Montfoort	6	0	453215	0	335	0	39253	0	0	0	0	30927	0	0	0	0	0	0	0	0	0	7062	0	0	113824	0	0	1000	22620	0	9378
356	Nieuwegein	6	0	2973509	0	356	0	288999	0	0	0	0	40221	0	0	0	0	0	0	0	0	0	7062	0	0	151279	0	0	15000	94569	0	31889
589	Oudewater	6	0	492394	0	589	0	41215	0	0	0	0	30228	0	0	0	0	0	0	0	0	0	7062	0	0	77342	0	0	2000	16233	0	8401
339	Renswoude	6	0	273462	0	339	0	11694	0	0	0	0	29376	0	0	0	0	0	0	0	0	0	7062	0	0	0	0	0	0	9648	0	6658
340	Rhenen	6	0	1435926	0	340	0	74417	0	0	0	0	32100	0	0	0	0	0	0	0	0	0	7062	0	0	51561	0	0	2000	37462	0	11876
342	Soest	6	0	2956737	0	342	0	188904	0	0	0	0	37066	0	0	0	0	0	0	0	0	0	7062	0	0	108473	0	0	5000	70319	0	22866
1904	Stichtse Vecht	6	0	2812859	0	1904	0	196918	0	0	0	0	40452	0	0	0	0	0	0	0	0	0	7062	0	0	142037	0	0	14000	107185	0	28897
344	Utrecht	6	94733345	17942475	0	344	270060	1973488	951227	582831	0	0	95177	907524	136347	0	0	25858716	710071	562946	0	518448	7062	50000	546700	430002	4808,92	400077	62000	605937	12824238	191409
1581	Utrechtse Heuvelrug	6	0	1447616	0	1581	0	140928	0	0	0	0	37632	0	57979	0	0	0	0	0	0	0	7062	0	0	127444	0	0	8000	85275	0	24798
345	Veenendaal	6	0	6895231	0	345	0	310097	0	0	0	0	40787	0	0	0	0	0	0	0	0	0	7062	0	0	81233	0	0	11000	108734	0	31881
1961	Vijfheerenlanden	6	0	3545858	0	1961	0	228838	0	0	0	0	39098	0	3362	136010	0	0	0	0	0	0	7062	0	0	147874	0	0	9000	103648	0	27770
352	Wijk bij Duurstede	6	0	1159431	0	352	0	78151	0	0	0	0	32792	0	0	0	0	0	0	0	0	0	7062	0	0	42806	0	0	3000	36598	0	13246
632	Woerden	6	0	5661390	0	632	0	175493	0	0	0	0	38143	0	0	0	0	0	0	0	0	0	7062	0	0	76856	0	0	10000	85897	0	25261
351	Woudenberg	6	0	354903	0	351	0	40561	0	0	0	0	30880	0	0	0	0	0	0	0	0	0	7062	0	0	44265	0	0	4000	22020	0	9680
355	Zeist	6	0	5695927	0	355	0	340790	0	0	0	0	40439	0	119061	0	0	0	0	0	0	0	7062	0	0	154198	0	0	7000	107232	0	30690
358	Aalsmeer	7	0	790116	0	358	0	87665	0	0	0	0	34293	0	0	0	0	0	0	0	0	0	7062	0	0	139605	0	0	3000	47162	0	17876
361	Alkmaar	7	20237957	11639984	0	361	210775	512739	150000	479205	0	0	48781	165775	4483	79330	0	3597871	327033	0	0	234266	7062	0	251790	151766	5610,39	400077	19000	175083	5728504	56877
362	Amstelveen	7	0	2227105	0	362	0	325634	0	0	0	0	45235	0	0	0	18700	0	0	0	0	0	7062	0	0	99231	0	0	14000	141620	0	44948
363	Amsterdam	7	116446489	72439640	0	363	521777	6750659	2605874	1104923	0	0	194565	4209153	201955	54983	0	64893204	879088	0	958000	470264	7062	50000	676830	416382	15228,22	400077	235000	1668307	24354692	696376
373	Bergen (NH.)	7	0	1251670	0	373	0	79160	0	0	0	0	33869	0	0	44793	0	0	0	0	0	0	7062	0	0	39887	0	0	6000	35811	0	18447
375	Beverwijk	7	0	4828268	0	375	0	218998	0	0	0	0	36129	0	0	0	0	0	0	0	0	0	7062	0	0	70532	0	0	13000	66667	0	25575
376	Blaricum	7	0	186713	0	376	0	40888	0	0	0	0	30566	0	0	0	0	0	0	0	0	0	7062	0	0	0	0	0	0	21638	0	7968
377	Bloemendaal	7	0	828556	0	377	0	54218	0	0	0	0	32709	0	0	0	0	0	0	0	0	0	7062	0	0	10215	0	0	1000	38885	0	12224
383	Castricum	7	0	810801	0	383	0	73272	0	0	0	0	35054	0	0	20837	0	0	0	0	0	0	7062	0	0	66154	0	0	4000	51021	0	17817
400	Den Helder	7	7875768	6906888	0	400	0	342235	0	0	0	0	38866	0	141649	43710	0	1786882	0	0	0	0	7062	0	0	185815	0	0	8000	91296	1786333	31546
384	Diemen	7	0	1790055	0	384	0	127899	0	0	0	0	34170	0	0	0	0	0	0	0	0	0	7062	0	0	49129	3205,94	0	9000	41596	0	19993
1980	Dijk en Waard	7	0	5713045	0	1980	0	313859	0	0	0	0	44471	0	64401	0	0	0	0	0	0	0	7062	0	0	267535	0	0	9000	136088	0	36780
498	Drechterland	7	0	1217335	0	498	0	60079	0	0	0	0	32032	0	0	51617	0	0	0	0	0	0	7062	0	0	16052	0	0	2000	36866	0	12458
385	Edam-Volendam	7	0	1696712	0	385	0	92898	0	0	0	0	35088	0	0	51805	0	0	0	0	0	0	7062	0	0	64695	0	0	4000	56935	0	17856
388	Enkhuizen	7	0	1677225	0	388	0	88973	0	0	0	0	31809	0	0	11396	0	0	0	0	0	0	7062	0	0	83179	0	0	3000	27357	0	12054
1942	Gooise Meren	7	0	1620716	0	1942	0	184270	0	0	0	0	39227	0	0	0	0	0	0	0	0	0	7062	0	0	85611	0	0	11000	103180	0	28172
392	Haarlem	7	44986263	16446878	0	392	173174	781376	150000	313979	0	0	58572	313817	0	0	0	7745734	285029	0	0	185999	7062	0	219450	88043	0	400077	15000	259248	7079555	89712
394	Haarlemmermeer	7	0	5639607	0	394	0	563441	150000	0	190000	0	57688	0	28364	0	20000	0	0	0	0	0	7062	0	0	1134350	0	0	31000	259191	0	71688
396	Heemskerk	7	0	4223332	0	396	0	191848	0	0	0	0	35632	0	0	0	0	0	0	0	0	0	7062	0	0	10215	0	0	8000	58615	0	20754
397	Heemstede	7	0	1276747	0	397	0	52828	0	0	0	0	33466	0	0	0	0	0	0	0	0	0	7062	0	0	10215	0	0	2000	40806	0	15016
399	Heiloo	7	0	929071	0	399	0	55199	0	0	0	0	32833	0	0	0	0	0	0	0	0	0	7062	0	0	10215	0	0	4000	33052	0	13080
402	Hilversum	7	12798387	7349919	0	402	141457	409864	0	222005	0	0	45311	0	1035	0	20000	2287298	128013	0	0	0	7062	0	98560	71991	0	400077	12000	155304	2991316	47540
1911	Hollands Kroon	7	0	2962518	0	1911	0	181544	0	0	0	0	37378	0	0	54400	0	0	0	0	0	0	7062	0	0	489346	0	0	14000	89326	0	31126
405	Hoorn	7	10963389	5995106	0	405	0	383205	0	0	0	0	42034	0	474	14537	20000	2259991	0	0	0	0	7062	0	0	104582	0	0	7000	115526	0	32985
406	Huizen	7	0	1641638	0	406	0	178164	0	0	0	0	35985	0	0	0	0	0	0	0	0	0	7062	0	0	25781	0	0	4000	62057	0	20943
1598	Koggenland	7	0	622628	0	1598	0	57571	0	0	0	0	32609	0	0	68344	0	0	0	0	0	0	7062	0	0	58371	0	0	3000	46996	0	13365
415	Landsmeer	7	0	166664	0	415	0	38871	0	0	0	0	30494	0	0	25476	0	0	0	0	0	0	7062	0	0	26267	0	0	1000	22068	0	7750
417	Laren	7	0	251855	0	417	0	41788	0	0	0	0	30463	0	0	0	0	0	0	0	0	0	7062	0	0	0	0	0	2000	15935	0	8404
420	Medemblik	7	0	2497816	0	420	0	163635	0	0	0	0	36743	0	0	114792	0	0	0	0	0	0	7062	0	0	116256	0	0	5000	78470	0	23405
431	Oostzaan	7	0	21812	0	431	0	36772	0	0	0	0	30145	0	0	14751	0	0	0	0	0	0	7062	0	0	29672	0	0	4000	16325	0	7046
432	Opmeer	7	0	338883	0	432	0	24588	0	0	0	0	30576	0	0	35427	0	0	0	0	0	0	7062	0	0	0	0	0	2000	20080	0	8984
437	Ouder-Amstel	7	0	227229	0	437	0	48848	0	0	0	0	30970	0	0	0	0	0	0	0	0	0	7062	0	0	79774	0	0	5000	22909	0	9778
439	Purmerend	7	5994988	6228645	0	439	0	403377	0	0	0	0	45414	0	0	79765	0	1499859	0	0	0	0	7062	0	0	126471	0	0	12000	132514	0	44136
441	Schagen	7	0	4693016	0	441	0	130515	0	0	0	0	36997	0	7802	101496	0	0	0	0	0	0	7062	0	0	175114	0	0	8000	78583	0	28300
532	Stede Broec	7	0	2039173	0	532	0	89300	0	0	0	0	32387	0	0	14294	0	0	0	0	0	0	7062	0	0	21403	0	0	3000	30465	0	11955
448	Texel	7	0	2348945	0	448	0	53237	0	0	0	0	30883	0	0	0	0	0	0	0	0	0	7062	0	0	105068	0	0	1000	34776	0	13933
450	Uitgeest	7	0	871449	0	450	0	33120	0	0	0	0	30878	0	0	19107	0	0	0	0	0	0	7062	0	0	10215	0	0	1000	19674	0	8628
451	Uithoorn	7	0	1244804	0	451	0	128062	0	0	0	0	33961	0	0	0	0	0	0	0	0	0	7062	0	0	55939	0	0	3000	46123	0	16642
453	Velsen	7	0	5398571	0	453	0	341390	0	0	0	0	41104	0	8406	0	20000	0	0	0	0	0	7062	0	0	160035	0	0	22000	105622	0	34911
852	Waterland	7	0	534390	0	852	0	54872	0	0	0	0	31563	0	0	50358	0	0	0	0	0	0	7062	0	0	29186	0	0	1000	32795	0	10240
1696	Wijdemeren	7	0	518709	0	1696	0	67466	0	0	0	0	32893	0	0	0	0	0	0	0	0	0	7062	0	0	58858	0	0	1000	44553	0	13134
880	Wormerland	7	0	65437	0	880	0	64113	0	0	0	0	31381	0	0	41308	0	0	0	0	0	0	7062	0	0	65668	0	0	2000	26495	0	10677
479	Zaanstad	7	12298675	9041866	0	479	176222	961747	150000	319823	0	83750	57523	256374	560	0	20000	2548339	183018	0	0	113443	7062	30000	140910	301099	0	400077	24000	258158	4438033	69488
473	Zandvoort	7	0	696360	0	473	0	98623	0	0	0	0	31536	0	0	0	0	0	0	0	0	0	7062	0	0	51075	0	0	3000	24800	0	12103
482	Alblasserdam	8	0	1435784	0	482	0	78996	0	0	0	0	32088	0	0	5147	0	0	0	0	0	0	7062	0	0	85125	0	0	5000	35672	0	11361
613	Albrandswaard	8	0	159957	0	613	0	76543	0	0	0	0	33144	0	0	17400	0	0	0	0	0	0	7062	0	0	10215	0	0	6000	40054	0	12645
484	Alphen aan den Rijn	8	0	13410088	0	484	0	380316	0	0	0	0	49281	0	2155	0	0	0	0	423374	0	0	7062	0	0	194085	0	0	22000	171602	0	51495
489	Barendrecht	8	0	109061	0	489	0	150251	0	0	0	0	37389	0	5000	11688	0	0	0	570000	0	0	7062	0	0	45238	0	0	14000	75273	0	21043
1901	Bodegraven-Reeuwijk	8	0	1184474	0	1901	0	103475	0	0	0	0	34904	0	34011	0	0	0	0	0	0	0	7062	0	0	63236	0	0	10000	67743	0	18176
502	Capelle aan den IJssel	8	0	5938791	0	502	0	462256	0	0	0	0	40863	0	0	0	0	0	0	0	0	0	7062	0	0	9242	4808,92	0	9000	111524	0	32577
503	Delft	8	19695409	11603098	0	503	0	569111	150000	0	0	0	47607	0	9182	0	0	2653716	0	0	0	0	7062	0	0	86098	0	0	13000	148053	3618697	64316
505	Dordrecht	8	42120747	19652824	0	505	166099	729175	150000	281903	0	0	50496	525469	0	0	20000	5427247	254025	274187	0	0	7062	30000	195580	359470	0	400077	41000	205562	4287442	61132
1924	Goeree-Overflakkee	8	0	5341450	0	1924	0	162245	0	0	0	0	37751	0	0	301329	0	0	0	146634	0	0	7062	0	0	141064	0	0	7000	92445	0	28262
512	Gorinchem	8	0	7214272	0	512	124986	193538	0	170081	0	0	35300	0	55349	11276	0	0	0	159769	0	0	7062	0	0	98745	0	400077	11000	59955	0	19957
513	Gouda	8	17172578	9978716	0	513	142732	387076	0	208570	0	0	42046	0	0	0	20000	2178246	0	0	0	0	7062	0	0	98258	0	400077	10000	117263	2536168	36380
523	Hardinxveld-Giessendam	8	0	76343	0	523	0	49230	0	0	0	0	31767	0	0	10821	0	0	0	0	0	0	7062	0	0	165385	0	0	5000	30270	0	9965
531	Hendrik-Ido-Ambacht	8	0	1084591	0	531	0	112443	0	0	0	0	34156	0	0	5563	0	0	0	0	0	0	7062	0	0	151766	0	0	9000	53116	0	14668
534	Hillegom	8	0	1839462	0	534	0	65939	0	0	0	0	32471	0	0	0	0	0	0	0	0	0	7062	0	0	37455	0	0	3000	30878	0	13039
1963	Hoeksche Waard	8	0	4783356	0	1963	0	230774	0	0	0	0	44718	0	83455	294404	0	0	0	153189	0	0	7062	0	0	151765	0	0	16000	139534	0	38502
1884	Kaag en Braassem	8	0	61801	0	1884	0	83412	0	0	0	0	33465	0	0	0	0	0	0	0	0	0	7062	0	0	44751	0	0	3000	51248	0	14656
537	Katwijk	8	0	6632396	0	537	0	212892	0	0	0	0	40616	0	159538	0	0	0	0	0	0	0	7062	0	0	113824	0	0	9000	105223	0	30540
542	Krimpen aan den IJssel	8	0	2122307	0	542	0	127572	0	0	0	0	33813	0	0	4317	0	0	0	0	0	0	7062	0	0	103123	0	0	3000	46790	0	15218
1931	Krimpenerwaard	8	0	3260157	0	1931	0	183180	0	0	0	0	38873	0	0	127954	0	0	0	0	0	0	7062	0	0	154198	0	0	9000	103257	0	25978
1621	Lansingerland	8	0	134646	0	1621	0	219706	0	0	0	0	40127	0	6337	0	0	0	0	0	0	0	7062	0	0	68586	0	0	7000	110993	0	29553
546	Leiden	8	34342892	20045627	0	546	190119	594461	150000	368946	0	0	51421	213580	0	0	0	8042702	383038	0	0	0	7062	0	294910	117229	0	400077	12000	171907	6652117	76532
547	Leiderdorp	8	0	138144	0	547	0	80632	0	0	0	0	33434	0	0	0	0	0	0	0	0	0	7062	0	0	19457	0	0	5000	39194	0	15811
1916	Leidschendam-Voorburg	8	0	2860831	0	1916	0	376663	0	0	0	0	42558	0	0	0	20000	0	0	0	0	0	7062	0	0	41346	0	0	11000	124873	0	41271
553	Lisse	8	0	1683680	0	553	0	67984	0	0	0	0	32617	0	0	0	0	0	0	0	0	0	7062	0	0	26267	0	0	1000	32335	0	13410
556	Maassluis	8	0	4278844	0	556	0	222814	0	0	0	0	34586	0	0	0	0	0	0	0	0	0	7062	0	0	22862	0	0	5000	54766	0	17506
1842	Midden-Delfland	8	0	59984	0	1842	0	53427	0	0	0	0	31954	0	0	0	0	0	0	0	0	0	7062	0	0	38428	0	0	5000	37078	0	12099
1978	Molenlanden	8	0	1209530	0	1978	0	105764	0	0	0	0	36550	0	0	174034	0	0	0	0	0	0	7062	0	0	204299	0	0	12000	90872	0	21761
569	Nieuwkoop	8	0	85431	0	569	0	73599	0	0	0	0	33764	0	0	0	0	0	0	0	0	0	7062	0	0	35509	0	0	2000	49574	0	15090
1930	Nissewaard	8	14982635	9242418	0	1930	0	542779	0	0	0	0	44233	0	0	75229	20000	2639974	0	0	0	0	7062	0	0	85611	0	0	24000	145323	3249607	40219
575	Noordwijk	8	0	2542233	0	575	0	124300	0	0	0	0	36537	0	0	0	0	0	0	0	0	0	7062	0	0	36482	0	0	4000	61385	0	24104
579	Oegstgeest	8	0	767876	0	579	0	66239	0	0	0	0	33004	0	24010	0	0	0	0	0	0	0	7062	0	0	10215	0	0	4000	40128	0	13305
590	Papendrecht	8	0	1847682	0	590	0	126372	0	0	0	0	34326	0	0	2561	0	0	0	0	0	0	7062	0	0	177060	0	0	9000	47312	0	16538
1926	Pijnacker-Nootdorp	8	0	139962	0	1926	0	178546	0	0	0	0	38697	0	0	0	0	0	0	0	0	0	7062	0	0	31131	0	0	5000	94758	0	23209
597	Ridderkerk	8	0	158139	0	597	0	227421	0	0	0	0	37023	0	0	20068	0	0	0	0	0	0	7062	0	0	28213	0	0	13000	74019	0	23109
603	Rijswijk	8	0	2237184	0	603	0	380507	0	0	0	0	38613	0	35003	0	0	0	0	0	0	0	7062	0	0	36969	0	0	11000	94857	0	32967
599	Rotterdam	8	112618178	50210840	0	599	550185	6291647	2111492	1466163	0	0	149530	4407313	4009	5011	50000	40912356	1005101	0	0	603578	7062	0	773850	2249243	30456,44	400077	317000	1377067	18177342	395508
606	Schiedam	8	0	9747155	0	606	0	560170	0	0	0	0	43087	316901	129	0	0	0	0	0	0	0	7062	0	0	138632	0	0	11000	134412	0	44384
518	's-Gravenhage	8	78648634	40575890	0	518	378014	4564334	1654253	820624	0	0	130317	2139274	22588	0	50000	29810221	760076	0	0	634685	7062	50000	585200	305963	4007,43	400077	62000	1090257	16263095	354117
610	Sliedrecht	8	0	2399309	0	610	0	122801	0	0	0	0	33103	0	0	11863	0	0	0	0	0	0	7062	0	0	148361	0	0	8000	42233	0	13831
1525	Teylingen	8	0	2746556	0	1525	0	82703	0	0	0	0	35371	0	0	0	0	0	0	0	0	0	7062	0	0	57885	0	0	6000	54843	0	18589
622	Vlaardingen	8	13615852	9278328	0	622	0	554691	0	0	0	0	42091	0	0	0	0	2271543	0	0	0	0	7062	0	0	134741	0	0	23000	129656	2969268	38995
1992	Voorne aan Zee	8	0	216305	0	1992	0	300665	0	0	0	61250	98540	0	43	119224	0	0	0	0	0	0	7062	0	0	69559	0	0	8000	108491	0	40524
626	Voorschoten	8	0	81796	0	626	0	89573	0	0	0	0	33113	0	862	0	0	0	0	0	0	0	7062	0	0	10215	0	0	3000	38643	0	13727
627	Waddinxveen	8	0	2249185	0	627	0	98105	0	0	0	0	34011	0	0	0	0	0	0	0	0	0	7062	0	0	32591	0	0	4000	49619	0	17127
629	Wassenaar	8	0	1053154	0	629	0	104892	0	0	0	0	33355	0	1897	0	0	0	0	0	0	0	7062	0	0	57885	0	0	6000	41746	0	14523
1783	Westland	8	0	7133949	0	1783	0	362488	150000	0	0	0	49057	0	0	0	0	0	0	0	0	0	7062	0	0	151279	0	0	17000	160163	0	50260
637	Zoetermeer	8	0	7939685	0	637	174997	791489	150000	293113	0	0	51640	104477	9828	0	20000	0	0	0	0	0	7062	0	0	89503	0	400077	14000	205220	0	57799
638	Zoeterwoude	8	0	19995	0	638	0	23552	0	0	0	0	29988	0	0	0	0	0	0	0	0	0	7062	0	0	52048	0	0	3000	15017	0	7801
1892	Zuidplas	8	0	1931871	0	1892	0	141964	0	0	0	0	36724	0	0	0	0	0	0	265721	0	0	7062	0	0	138146	0	0	12000	79920	0	21062
642	Zwijndrecht	8	0	3484945	0	642	0	337110	0	0	0	0	36670	0	0	18531	0	0	0	0	0	0	7062	0	0	197490	0	0	17000	74129	0	24111
654	Borsele	9	0	1677380	0	654	0	62695	0	0	0	0	32587	0	0	131025	0	0	0	0	0	0	7062	0	0	331744	0	0	8000	47826	0	18103
664	Goes	9	0	5952700	0	664	177693	151123	0	313002	0	0	35521	0	129	84102	20000	0	0	376059	0	0	7062	0	0	186302	0	400077	9000	61321	0	21931
677	Hulst	9	0	3948697	0	677	0	85865	0	0	0	0	33471	0	0	179014	0	0	0	0	0	0	7062	0	0	156630	0	0	5000	45726	0	18029
678	Kapelle	9	0	451342	0	678	0	43423	0	0	0	0	30739	0	0	33304	0	0	0	0	0	0	7062	0	0	81720	0	0	4000	21668	0	9554
687	Middelburg	9	0	5676776	0	687	0	260459	150000	0	0	0	37449	0	28106	46475	20000	0	210021	0	0	0	7062	0	161700	176087	0	0	6000	83380	0	26114
1695	Noord-Beveland	9	0	549303	0	1695	0	22489	0	0	0	0	29753	0	0	83886	0	0	0	0	0	0	7062	0	0	59831	0	0	1000	18260	0	9358
703	Reimerswaal	9	0	1329788	0	703	0	88319	0	0	0	0	32601	0	0	96318	0	0	0	0	0	0	7062	0	0	106528	0	0	11000	47677	0	13637
1676	Schouwen-Duiveland	9	0	4324054	0	1676	0	119067	0	0	0	0	34678	0	0	240292	0	0	0	0	0	0	7062	0	0	133281	0	0	6000	63384	0	23961
1714	Sluis	9	0	1981559	0	1714	0	66566	0	0	0	0	32651	0	0	254175	0	0	0	0	0	0	7062	0	0	76369	0	0	4000	46355	0	21570
715	Terneuzen	9	0	8882633	0	715	0	251381	0	0	0	0	38472	0	0	234605	0	0	0	0	0	0	7062	0	0	423192	0	0	25000	96666	0	33386
716	Tholen	9	0	2143536	0	716	0	85457	0	0	0	0	33194	0	0	146835	0	0	0	0	0	0	7062	0	0	35509	0	0	3000	49303	0	15708
717	Veere	9	0	1167497	0	717	0	43587	0	0	0	0	32426	0	0	137584	0	0	0	0	0	0	7062	0	0	44751	0	0	2000	39108	0	16995
718	Vlissingen	9	38051306	7395307	0	718	0	280385	0	0	0	0	36593	0	0	34108	0	6990649	0	0	0	0	7062	0	0	308395	0	0	12000	79047	4308077	28428
1723	Alphen-Chaam	10	0	480810	0	1723	0	29440	0	0	0	0	30272	0	0	0	0	0	0	0	0	0	7062	0	0	0	0	0	3000	21474	0	11181
1959	Altena	10	0	3459925	0	1959	0	164426	0	0	0	0	38823	0	0	0	0	0	0	0	0	0	7062	0	0	432434	0	0	9000	101428	0	25871
743	Asten	10	0	500932	0	743	0	43342	0	0	0	0	31471	0	0	0	0	0	0	0	0	0	7062	0	0	32591	0	0	5000	23560	0	13912
744	Baarle-Nassau	10	0	18177	0	744	0	22788	0	0	0	0	29626	0	1983	0	0	0	0	0	0	0	7062	0	0	29186	0	0	1000	12278	0	10304
1724	Bergeijk	10	0	2160464	0	1724	0	44078	0	0	0	0	31831	0	0	0	0	0	0	0	0	0	7062	0	0	16052	0	0	4000	30132	0	14202
748	Bergen op Zoom	10	14033967	10937765	0	748	0	398852	0	0	0	0	40899	0	216	0	0	3051283	0	0	0	0	7062	0	0	130849	0	0	26000	113271	0	36399
1721	Bernheze	10	0	4564532	0	1721	0	77197	0	0	0	0	34193	0	0	0	0	0	0	406434	0	0	7062	0	0	57398	0	0	8000	47992	0	20443
753	Best	10	0	3371443	0	753	0	88537	0	0	0	0	33962	0	0	0	0	0	0	0	0	0	7062	0	0	27240	0	0	8000	43051	0	17469
1728	Bladel	10	0	5088109	0	1728	0	43369	0	0	0	0	32161	0	0	0	0	0	0	0	0	0	7062	0	0	81720	0	0	5000	32802	0	15866
755	Boekel	10	0	1280551	0	755	0	22897	0	0	0	0	30381	0	0	0	0	0	0	0	0	0	7062	0	0	0	0	0	1000	19406	0	10710
757	Boxtel	10	0	8429860	0	757	0	122746	0	0	0	0	34475	0	0	0	0	0	0	0	0	0	7062	0	0	41833	0	0	10456	48764	0	18320
758	Breda	10	34579320	23145763	0	758	231951	862334	150000	530202	0	140000	62586	436799	11337	0	20000	6204361	0	490082	0	0	7062	0	0	319097	0	400077	36000	289183	7955452	91152
1706	Cranendonck	10	0	2108804	0	1706	0	65803	0	0	856322	0	32249	0	36942	0	0	0	0	574671	0	0	7062	0	0	100204	0	0	4000	33952	0	14078
762	Deurne	10	0	1330758	0	762	0	102929	0	0	0	0	34376	0	0	0	0	0	0	0	0	0	7062	0	0	65668	0	0	11000	47680	0	23908
766	Dongen	10	0	1440817	0	766	0	83739	0	0	0	0	33247	0	0	0	0	0	0	0	0	0	7062	0	0	40860	0	0	4000	36847	0	15559
1719	Drimmelen	10	0	1356440	0	1719	0	55172	0	0	0	0	33425	0	0	0	0	0	0	0	0	0	7062	0	0	76369	0	0	3000	36913	0	15609
770	Eersel	10	0	2703362	0	770	0	44486	0	0	0	0	31975	0	0	0	0	0	0	0	0	0	7062	0	0	94853	0	0	4000	33582	0	14416
772	Eindhoven	10	49044082	34548069	0	772	207521	1280785	550226	401215	0	0	72176	422920	11596	0	20000	11610051	415042	0	0	0	7062	0	319550	304017	3205,94	400077	37000	359195	7687654	129130
777	Etten-Leur	10	0	5672152	0	777	0	178164	0	0	0	0	36502	0	0	0	0	0	0	0	0	0	7062	0	0	98258	0	0	13000	68175	0	25264
779	Geertruidenberg	10	0	2027426	0	779	0	86138	0	0	0	0	32392	0	0	0	0	0	0	0	0	0	7062	0	0	176573	0	0	7000	31316	0	13917
1771	Geldrop-Mierlo	10	0	651780	0	1771	0	161182	0	0	0	0	35794	0	0	0	0	0	0	0	0	0	7062	0	0	90962	0	0	7000	58090	0	20122
1652	Gemert-Bakel	10	0	1577854	0	1652	0	107754	0	0	0	0	34064	0	0	0	0	0	0	0	0	0	7062	0	0	110419	0	0	12000	52232	0	22018
784	Gilze en Rijen	10	0	1895708	0	784	0	114869	0	0	618491	0	33313	0	156607	0	0	0	0	0	0	0	7062	0	0	0	0	0	6000	44498	0	16615
785	Goirle	10	0	2562860	0	785	0	62777	0	0	0	0	32798	0	0	0	0	0	0	0	0	0	7062	0	0	58371	0	0	4000	36343	0	13759
1655	Halderberge	10	0	5137578	0	1655	0	137494	0	0	0	0	34002	0	0	0	0	0	0	0	0	0	7062	0	0	159548	0	0	7000	48377	0	19610
1658	Heeze-Leende	10	0	1056435	0	1658	0	29767	0	0	0	0	31364	0	0	0	0	0	0	0	0	0	7062	0	0	40860	0	0	3000	24830	0	12090
794	Helmond	10	19166805	28350776	0	794	146222	598605	0	247909	0	0	45569	264084	15432	0	20000	3042290	0	0	0	0	7062	0	0	176573	2404,46	400077	22000	152615	2278679	45260
797	Heusden	10	0	3475999	0	797	0	128962	0	0	0	0	36713	0	0	0	0	0	0	0	0	0	7062	0	0	81720	0	0	9000	61894	0	22671
798	Hilvarenbeek	10	0	1274648	0	798	0	37399	0	0	0	0	31262	0	0	0	0	0	0	0	0	0	7062	0	0	109933	0	0	4000	27234	0	13527
1659	Laarbeek	10	0	646910	0	1659	0	64822	0	0	0	0	32584	0	0	0	0	0	0	0	0	0	7062	0	0	79288	0	0	3000	35054	0	15188
1982	Land van Cuijk	10	0	15309306	0	1982	0	291833	0	0	0	0	45117	0	156693	0	0	0	0	0	0	0	7062	0	0	602198	0	0	24000	141185	0	54749
809	Loon op Zand	10	0	2903517	0	809	0	70982	0	0	0	0	32714	0	0	0	0	0	0	0	0	0	7062	0	0	51561	0	0	5000	34775	0	13969
1991	Maashorst	10	0	9555781	0	1991	0	211992	0	0	0	0	39150	0	0	0	0	0	0	0	0	0	7062	0	0	325907	0	0	16000	90806	0	34608
1948	Meierijstad	10	0	15435508	0	1948	0	246965	0	0	0	0	43527	0	0	0	0	0	0	0	0	0	7062	0	0	267049	0	0	17000	122752	0	48587
1709	Moerdijk	10	0	2568972	0	1709	0	134931	0	0	0	0	35259	0	0	0	0	0	0	0	0	0	7062	0	0	719913	0	0	29000	66156	0	30234
820	Nuenen, Gerwen en Nederwetten	10	0	1458480	0	820	0	75016	0	0	0	0	32751	0	0	0	0	0	0	0	0	0	7062	0	0	0	0	0	3000	34614	0	13720
823	Oirschot	10	0	2496672	0	823	0	43178	0	0	0	0	31847	0	20777	0	0	0	0	0	0	0	7062	0	0	58371	0	0	4000	30041	0	14848
824	Oisterwijk	10	0	4140255	0	824	0	77611	0	0	0	0	34364	0	87895	0	0	0	0	0	0	0	7062	0	0	0	0	0	7227	43888	0	19305
826	Oosterhout	10	0	6403682	0	826	0	278068	0	0	0	0	38796	0	11854	0	0	0	0	0	0	0	7062	0	0	309855	0	0	13000	83821	0	32382
828	Oss	10	19063477	18396110	0	828	0	384623	0	0	0	0	45551	0	18751	0	20000	3183745	0	0	0	0	7062	0	0	334662	0	0	27000	150244	0	48642
1667	Reusel-De Mierden	10	0	2658359	0	1667	0	36145	0	0	0	0	30784	0	0	0	0	0	0	0	0	0	7062	0	0	0	0	0	1000	24383	0	12420
1674	Roosendaal	10	0	14713546	0	1674	0	438323	0	0	0	0	42700	0	0	0	20000	0	0	0	0	0	7062	0	0	147388	0	0	24000	123217	0	41771
840	Rucphen	10	0	6188166	0	840	0	81559	0	0	0	0	32635	0	0	0	0	0	0	0	0	0	7062	0	0	46697	0	0	5000	33419	0	14258
796	's-Hertogenbosch	10	32023374	22896864	0	796	201908	694665	150000	459546	0	0	57260	340803	70479	0	0	5177801	326033	0	0	869439	7062	0	251020	302558	0	989664	35000	237697	6670711	75672
845	Sint-Michielsgestel	10	0	4104685	0	845	0	72727	0	0	0	0	33829	0	0	0	0	0	0	0	0	0	7062	0	0	15566	0	0	3000	45153	0	15607
847	Someren	10	0	353735	0	847	0	54681	0	0	0	0	31956	0	0	0	0	0	0	0	0	0	7062	0	0	18971	0	0	6000	29667	0	16214
848	Son en Breugel	10	0	823723	0	848	0	51519	0	0	0	0	31607	0	0	0	0	0	0	0	0	0	7062	0	0	38914	0	0	4000	26823	0	11597
851	Steenbergen	10	0	2685403	0	851	0	83957	0	0	0	0	32864	0	0	0	0	0	0	0	0	0	7062	0	0	39887	0	0	5000	37873	0	15980
855	Tilburg	10	63494540	28649469	0	855	195306	1351090	150000	402742	0	173750	69620	826949	24226	0	0	8885938	599060	347526	0	523603	7062	0	461230	368712	4007,43	400077	48301	362108	6242577	124638
858	Valkenswaard	10	0	3621088	0	858	0	106310	0	0	0	0	34149	0	0	0	0	0	0	0	0	0	7062	0	0	18971	0	0	4000	42280	0	18776
861	Veldhoven	10	0	4093044	0	861	0	133487	0	0	0	0	36805	0	9915	0	0	0	0	0	0	0	7062	0	0	103609	0	0	7000	61142	0	23924
865	Vught	10	0	4546807	0	865	0	78660	0	0	0	0	34233	0	862	0	0	0	0	0	0	0	7062	0	0	0	0	0	8016	47601	0	16842
866	Waalre	10	0	1182095	0	866	0	49611	0	0	0	0	31606	0	0	0	0	0	0	0	0	0	7062	0	0	16052	0	0	2000	25662	0	10186
867	Waalwijk	10	0	5533582	0	867	0	189722	0	0	0	0	37421	0	0	0	0	0	0	0	0	0	7062	0	0	395466	0	0	17000	68271	0	28299
873	Woensdrecht	10	0	2232635	0	873	0	67657	0	0	0	0	32440	0	0	0	0	0	0	0	0	0	7062	0	0	62749	0	0	6000	32029	0	14535
879	Zundert	10	0	1902356	0	879	0	70437	0	0	0	0	32432	0	0	0	0	0	0	0	0	0	7062	0	0	42319	0	0	3000	30476	0	16731
888	Beek	11	0	1115992	0	888	0	58934	0	0	0	0	31295	0	0	0	0	0	0	0	0	0	7062	0	0	51561	0	0	3000	21452	0	10855
1954	Beekdaelen	11	0	5053106	0	1954	0	115441	0	0	0	0	35050	0	76471	0	0	0	0	0	0	0	7062	0	0	43292	0	0	8000	52698	0	17769
889	Beesel	11	0	1476034	0	889	0	58934	0	0	0	0	30844	0	0	0	0	0	0	0	0	0	7062	0	0	20430	0	0	4000	19635	0	9413
893	Bergen (L.)	11	0	2403206	0	893	0	41215	0	0	0	0	30781	0	0	0	0	0	0	0	0	0	7062	0	0	12161	0	0	4000	24931	0	10500
899	Brunssum	11	0	9557139	0	899	0	148833	0	0	0	0	33489	0	0	0	0	0	0	0	0	0	7062	0	0	81233	0	0	3000	39733	0	17066
1711	Echt-Susteren	11	0	3394697	0	1711	0	107618	0	0	0	0	34248	0	29528	0	0	0	0	0	0	0	7062	0	0	161008	0	0	11000	46132	0	19278
1903	Eijsden-Margraten	11	0	1555281	0	1903	0	50402	0	0	0	0	33160	0	23967	0	0	0	0	0	0	0	7062	0	0	0	0	0	7000	49494	0	14358
907	Gennep	11	0	4900490	0	907	0	59697	0	0	0	0	31511	0	0	0	0	0	0	0	0	0	7062	0	0	28213	0	0	3000	26370	0	13638
1729	Gulpen-Wittem	11	0	1876382	0	1729	0	36254	0	0	0	0	30985	0	0	0	0	0	0	0	0	0	7062	0	0	0	0	0	1000	32334	0	10039
917	Heerlen	11	32347652	27896075	0	917	224564	769354	150000	444233	0	83750	44511	277192	43840	0	20000	5846853	0	454883	0	0	7062	0	0	207705	0	400077	19000	157434	3134930	46726
1507	Horst aan de Maas	11	0	3995907	0	1507	0	90772	0	0	0	0	36245	0	6983	0	0	0	0	0	0	0	7062	0	0	162953	0	0	10000	66885	0	29932
928	Kerkrade	11	0	18171601	0	928	0	321137	0	0	0	0	36794	0	0	0	0	0	0	0	0	0	7062	0	0	152252	0	0	6000	69729	0	26575
882	Landgraaf	11	0	10003593	0	882	0	220388	0	0	0	0	35273	0	0	0	0	0	0	0	0	0	7062	0	0	75396	0	0	6000	55703	0	19623
1640	Leudal	11	0	3079542	0	1640	0	90063	0	0	0	0	35047	0	45521	0	0	0	0	0	0	0	7062	0	0	104582	0	0	8000	54139	0	24372
1641	Maasgouw	11	0	2455371	0	1641	0	52828	0	0	0	0	32797	0	0	0	0	0	0	0	0	0	7062	0	0	523396	0	0	5000	33902	0	14049
935	Maastricht	11	23443591	18553951	0	935	0	616868	324169	0	0	207500	50702	230543	87722	0	0	6057283	337034	0	0	0	7062	0	259490	368226	0	0	32000	160060	4123898	69873
938	Meerssen	11	0	1819861	0	938	0	41706	0	0	0	0	31814	0	0	0	0	0	0	0	0	0	7062	0	0	29672	0	0	5000	27701	0	10816
944	Mook en Middelaar	11	0	563621	0	944	0	19844	0	0	0	0	29814	0	0	0	0	0	0	0	0	0	7062	0	0	41833	0	0	2000	12701	0	6678
946	Nederweert	11	0	2518442	0	946	0	42742	0	0	0	0	31536	0	0	0	0	0	0	0	0	0	7062	0	0	86584	0	0	5000	27674	0	15754
1894	Peel en Maas	11	0	5990536	0	1894	0	120621	0	0	0	0	36463	0	0	0	0	0	0	0	0	0	7062	0	0	147874	0	0	9000	68856	0	28804
1669	Roerdalen	11	0	2808446	0	1669	0	65067	0	0	0	0	32170	0	0	0	0	0	0	0	0	0	7062	0	0	84638	0	0	4000	33171	0	12765
957	Roermond	11	0	10919006	0	957	142145	357963	0	222492	0	0	39272	0	0	0	20000	0	0	0	0	0	7062	0	0	239323	0	400077	20000	99913	0	32915
965	Simpelveld	11	0	2148210	0	965	0	39689	0	0	0	0	30291	0	0	0	0	0	0	0	0	0	7062	0	0	13620	0	0	2000	14556	0	7867
1883	Sittard-Geleen	11	0	13395913	0	1883	0	478393	150000	0	0	0	45405	176185	0	0	20000	0	0	0	0	0	7062	0	0	213055	0	0	40000	135997	0	51804
971	Stein	11	0	2605533	0	971	0	60842	0	0	0	0	32969	0	0	0	0	0	0	0	0	0	7062	0	0	149333	0	0	7000	29909	0	13212
981	Vaals	11	0	1522534	0	981	0	43778	0	0	0	0	30218	0	0	0	0	0	0	0	0	0	7062	0	0	29186	0	0	1000	18407	0	8816
994	Valkenburg aan de Geul	11	0	1504782	0	994	0	47512	0	0	0	0	31387	0	0	0	0	0	0	0	0	0	7062	0	0	31618	0	0	3000	24029	0	10991
983	Venlo	11	49437713	14216848	0	983	150637	587320	150000	276748	0	0	47310	424462	0	0	20000	8199426	278028	428487	0	0	7062	0	214060	347796	0	400077	40000	167585	5224493	61462
984	Venray	11	0	9964446	0	984	0	178409	0	0	0	0	36473	0	819	0	0	0	0	0	0	0	7062	0	0	379900	0	0	11000	71792	0	33844
986	Voerendaal	11	0	1074528	0	986	0	43069	0	0	0	0	30661	0	0	0	0	0	0	0	0	0	7062	0	0	16052	0	0	2000	19843	0	8498
988	Weert	11	0	7834878	0	988	0	201170	0	0	0	0	37644	0	0	0	0	0	0	0	0	0	7062	0	0	229108	0	0	14000	72663	0	30235
34	Almere	12	47363243	9711215	0	34	209102	1355311	150000	465504	0	83750	68275	457617	77721	0	0	8580906	267027	0	0	138766	7062	30000	205590	206245	0	0	26000	391906	5969966	80167
303	Dronten	12	0	1755026	0	303	0	174430	0	0	0	0	36156	0	146261	0	0	0	0	0	0	0	7062	0	0	124039	0	0	11000	72764	0	25404
995	Lelystad	12	0	6862981	0	995	0	569656	150000	0	0	0	43186	463015	0	0	20000	0	0	0	0	0	7062	0	0	322502	0	400077	15000	145902	0	37874
171	Noordoostpolder	12	0	5548965	0	171	0	258578	0	0	0	0	37192	0	138976	0	0	0	0	0	0	0	7062	0	0	385737	0	0	12000	92165	0	34112
184	Urk	12	0	1691913	0	184	0	51901	0	0	0	0	32291	0	0	0	0	0	0	0	0	0	7062	0	0	46211	0	0	4000	44504	0	9682
50	Zeewolde	12	0	438627	0	50	0	94207	0	0	0	0	32598	0	0	0	0	0	0	0	0	0	7062	0	0	93881	0	0	3000	40300	0	17155